x0,y0,x1,y1,name,elev_in,elev_out,length,junc_in,junc_out,roughness,elev_in_of,elev_out_of
12710190.554,2549843.2028,12710177.8136,2549851.9231,SWD4031445,26.22,25.44,15.438958,SMH4028545,SMH4028546,0.015,0.0,0.0
12710211.5545,2549944.5185,12710249.0892,2549918.3099,SWD4031448,31.22,30.92,45.779301,SMH4028548,SMH4028549,0.015,0.0,0.0
12710286.5867,2549891.4954,12710294.0654,2549868.7695,SWD4031451,29.49,27.32,23.92483,SMH4028551,SMH4028552,0.015,0.0,0.0
12710278.4051,2549832.5127,12710267.5136,2549812.6643,SWD4031454,26.6,26.39,22.640313,SMH4028554,SMH4028555,0.015,0.0,0.0
12710378.7028,2549966.019,12710376.2066,2549975.6796,SWD4031520,16.48,16.28,9.977886,SMH4028617,SMH4059901,0.015,0.0,0.0
12710342.8539,2550048.2503,12710337.111,2550059.0685,SWD4031525,13.23,13.05,12.248035,SMH4028622,SMH4028623,0.015,0.0,0.0
12710214.6459,2550159.0008,12710231.6637,2550154.9169,SWD4031534,12.25,11.763,17.500964,SMH4028629,SMH4028630,0.015,0.0,0.0
12710407.1569,2550167.2977,12710373.3635,2550151.0239,SWD4031553,15.94,15.46,37.507739,SMH4028648,SMH4028649,0.015,0.0,0.0
12710384.3784,2550098.1875,12710328.9777,2550071.1244,SWD4031573,13.55,12.95,61.657513,SMH4028668,SWD40315731,0.015,0.0,0.0
12710386.0108,2550086.377,12710380.8186,2550098.0763,SWD4031576,15.77,14.13,12.799709,SMH4028671,SMH4028655,0.015,0.0,0.0
12710553.155,2549310.4792,12710555.2297,2549319.524,SWD4032058,46.42,46.12,9.279698,SWD4032058,SMH4029113,0.015,0.0,0.0
12710621.6638,2549384.1894,12710612.3519,2549417.8145,SWD4032064,45.73,42.75,34.89067,SMH4029119,SMH4029120,0.015,0.0,0.0
12710002.3501,2549495.8171,12710001.6427,2549487.6447,SWD4031930,22.87,22.45,8.202959,SMH4028988,SMH4028989,0.015,0.0,0.0
12709967.7552,2549403.7088,12709961.1429,2549421.9076,SWD4031935,9.68,8.87,19.362821,SMH4028993,SMH4028994,0.015,0.0,0.03999999999999915
12710497.4734,2549977.0412,12710502.8534,2549982.7232,SWD4031621,24.87,24.57,7.82493,SWD4031621,SMH4028662,0.015,0.0,0.3099999999999987
12710359.9513,2549893.4382,12710360.1357,2549888.5336,SWD4031611,18.45,18.15,4.908065,SMH4028700,SMH4028701,0.015,0.0,0.0
12710427.8618,2549184.7862,12710397.7147,2549207.1059,SWD4031983,46.13,43.99,37.510221,SMH4029046,SMH4029047,0.015,0.0,0.0
12710319.3981,2549238.8132,12710268.6478,2549258.6862,SWD4031986,38.44,36.19,54.50256,SMH4029049,SMH4029050,0.015,0.0,0.0
12710223.0967,2549348.2556,12710231.5526,2549379.8502,SWD4031989,29.78,29.68,32.706589,SMH4029054,SMH4029055,0.015,0.0,0.0
12710192.7842,2549386.4778,12710161.0783,2549391.3908,SWD4031992,29.57,29.47,32.08429,SMH4029057,SMH4029058,0.015,0.129999999999999,0.0
12710164.9328,2549421.7262,12710160.4443,2549431.3181,SWD4031994,28.28,27.74,10.590145,SMH4029059,SMH4029060,0.015,0.0,0.0
12710669.0444,2550240.3072,12710634.4676,2550222.9206,SWD4031632,24.82,24.45,38.702054,SMH4028719,SMH4028720,0.015,0.0,0.0
12709876.9886,2549856.3033,12709882.0507,2549842.748,SWD4031382,6.92,6.729,14.469658,SMH4028485,SWD40313821,0.015,0.0,0.0
12709880.3443,2549823.4557,12709882.5245,2549817.4934,SWD4031386,7.39,7.15,6.348409,SMH4028490,SMH4028491,0.015,0.0,0.0
12709891.4875,2549826.8359,12709891.5457,2549817.2968,SWD4031389,7.49,7.07,9.539278,SMH4028494,SMH4028492,0.015,0.0,0.7000000000000002
12709903.6187,2549767.9707,12709905.5891,2549762.7861,SWD4031392,6.75,6.699,5.5464,SMH4028497,SMH4079880,0.015,0.0,0.0
12709901.8819,2549790.6363,12709913.2877,2549762.109,SWD4031395,6.44,6.34,30.722941,SMH4028501,SMH4028502,0.015,0.1900000000000004,0.0
12710025.1832,2549908.2177,12710010.1173,2549886.7464,SWD4031405,7.13,6.9,26.229717,SMH4028510,SMH4028511,0.015,0.0,0.0
12710788.9649,2549917.5497,12710798.6864,2549884.9498,SWD4031705,46.69,45.46,34.01854,SMH4028784,SMH4028785,0.015,0.0,0.0
12710940.6989,2549331.0517,12710938.3226,2549311.7525,SWD4065603,68.7,67.94,19.444946,SMH4056306,SMH4029154,0.015,0.0,0.1799999999999926
12710863.9639,2549265.4567,12710840.7983,2549263.3716,SWD4065607,62.27,61.06,23.259249,SMH4056307,SMH4029158,0.015,0.0,0.0800000000000054
12710641.9095,2549303.9817,12710633.3605,2549340.5313,SWD4032062,51.94,49.12,37.536098,SWD4032062,SMH4029118,0.015,0.0,0.0
12709842.4216,2549639.6465,12709835.9778,2549640.2694,SWD4068020,3.19,2.89,6.473837,SWD4068020,SBP40129001,0.015,0.0,0.0
12709921.8188,2549747.856,12709932.407,2549761.6895,SWD4068002,6.85,6.8,17.420554,SMH4058124,SMH4058123,0.015,0.0,0.0
12710607.6296,2549914.4009,12710592.7544,2549912.3225,SWD4069640,32.67,32.54,15.019698,SMH4059581,SMH4028677,0.015,0.0,0.0
12710488.4093,2550262.5989,12710491.0225,2550268.3559,SWD4097922,16.1,16.06,6.322331,SWD4097922,SMH4081940,0.015,0.0,0.879999999999999
12710609.6076,2550211.0836,12710599.8891,2550206.3728,SWD4031541,22.85,22.217,10.800041,SMH4028637,SMH4082500,0.015,0.0,0.0
12710699.2874,2549962.1087,12710679.8218,2549966.3392,SWD4031692,35.98,35.68,19.920008,SMH4028772,SMH4097740,0.015,0.0,0.04999999999999716
12710835.4057,2549483.9633,12710820.2816,2549550.251,SWD4032104,70.67,69.47,67.991158,SMH4029150,SMH4029151,0.015,0.0,0.0
12710657.1287,2549966.5852,12710631.3742,2549948.337,SWD4031696,34.35,34.21,31.569148,SMH4028777,SMH4028778,0.015,0.0,0.0
12710813.8147,2549889.2968,12710798.6864,2549884.9498,SWD4031699,45.76,45.46,15.740453,SMH4028783,SMH4028785,0.015,0.0,0.0
12710461.6729,2550271.2265,12710381.2494,2550230.6211,SWD4031301,14.57,13.37,90.09294,SMH4028402,SMH4028405,0.015,0.0,0.0
12710323.9905,2550203.2199,12710261.9613,2550171.2865,SWD4031304,13.69,11.77,69.766494,SMH4028407,SWD4031529,0.015,0.0,0.0
12710105.031,2550082.7435,12710116.9163,2550067.5301,SWD4031311,11.53,11.12,19.305644,SMH4028414,SMH4028415,0.015,0.0,0.0
12710179.9616,2550124.8791,12710163.8028,2550102.3534,SWD4031314,10.769,10.738,27.722085,SMH4028411,SWD40313141,0.015,0.4090000000000007,0.0
12710545.3899,2549557.4318,12710516.9986,2549579.3778,SWD4032070,31.74,28.7,35.884437,SMH4029125,SMH4029126,0.015,0.0,0.0
12709774.4363,2549638.7003,12709797.8894,2549583.0086,SWD4101323,4.97,4.41,60.428581,SMH4084623,SWD41013231,0.015,0.5599999999999996,0.0
12710039.4811,2550152.0207,12710081.675,2550171.5386,SWD4031272,27.85,27.11,46.4895,SMH4028373,SMH4028374,0.015,0.0,0.03999999999999915
12710136.0998,2550205.9222,12710145.4434,2550191.2796,SWD4031276,24.517,17.6,17.369761,SMH4028377,SMH4028378,0.015,0.0,0.0
12710152.2351,2550183.973,12710168.1503,2550171.397,SWD4031279,14.36,13.88,20.284215,SMH4028380,SMH4028381,0.015,0.0,0.0
12710474.6813,2550134.5487,12710467.8135,2550142.1118,SWD4031557,18.09,17.572,10.216025,SMH4028652,SMH4028653,0.015,0.0,0.0
12710536.6064,2549953.3163,12710509.7757,2549972.8997,SWD4031565,29.4,25.67,33.217405,SMH4028660,SMH4028661,0.015,0.0,0.0
12710007.7427,2549542.8875,12710006.565,2549530.8608,SWD4032457,26.03,25.331,12.084225,SMH4028986,SMH4112159,0.015,0.0,0.0
12710546.046,2549953.7345,12710536.6064,2549953.3163,SWD4032491,30.1,29.65,9.448859,SMH4029516,SMH4028660,0.015,0.0,0.25
12710191.6321,2549957.5834,12710174.0927,2549967.6674,SWD4031420,32.76,32.4,20.231599,SMH4028520,SMH4028521,0.015,0.0,0.0
12710141.24,2549956.1729,12710132.4539,2549944.2028,SWD4031423,29.01,27.47,14.84853,SMH4028523,SMH4028524,0.015,0.0,0.0
12710084.0262,2549820.175,12710096.5933,2549806.1467,SWD4031434,13.2,11.85,18.834205,SWD40314341,SMH4028535,0.015,0.0,0.15000000000000036
12710103.7153,2549766.1527,12710102.583,2549747.9309,SWD4031437,10.9,10.34,18.256947,SMH4062321,SMH4028538,0.015,0.0,0.0
12710076.1077,2549764.9517,12710072.9301,2549758.981,SWD4031440,10.48,10.18,6.763609,SWD4031440,SMH4028540,0.015,0.0,0.3100000000000005
12710502.8534,2549982.7232,12710488.8153,2549999.9766,SWD4031567,24.26,22.05,22.242933,SMH4028662,SMH4028663,0.015,0.0,0.3100000000000023
12710427.1342,2550107.3097,12710412.8473,2550099.8793,SWD4031574,17.36,16.96,16.103613,SMH4028669,SMH4028670,0.015,0.0,0.0
12710582.7603,2549897.3014,12710580.9048,2549894.3903,SWD4031586,31.071,30.79,3.452156,SMH4028678,SWD40315861,0.015,0.0,0.0
12710527.165,2549805.4062,12710505.6264,2549766.6349,SWD4031589,27.71,26.255,44.352283,SMH4028681,SMH4059520,0.015,0.0,0.0
12709989.8436,2549879.5197,12709995.9266,2549867.2807,SWD4031409,8.54,7.984,13.667334,SMH4028514,SWD40314091,0.015,0.0,0.0
12710020.4821,2549879.4092,12710010.1173,2549886.7464,SWD4031412,8.97,8.67,12.69896,SWD4031412,SMH4028511,0.015,0.0,1.7699999999999996
12710066.9057,2549998.9628,12710045.1932,2549967.1705,SWD4031415,10.82,10.51,38.49913,SMH4028517,SMH4028518,0.015,0.0,0.0
12710006.565,2549530.8608,12710006.2928,2549528.0816,SWD4134880,25.331,25.17,2.792498,SMH4112159,SMH4028987,0.015,0.0,0.0
12710016.0456,2549533.1196,12710006.565,2549530.8608,SWD4134881,25.631,25.331,9.745971,SWD4134881,SMH4112159,0.015,0.0,0.0
12709809.4358,2549709.2802,12709820.2593,2549682.0296,SWD4013553,5.75,5.19,29.32138,SMH4012815,SMH4012816,0.015,0.0,0.0
12709751.811,2549729.0425,12709746.1407,2549708.0113,SWD4013555,5.47,5.24,21.782187,SMH4012818,SMH4012819,0.015,0.0,0.07000000000000028
12709746.1407,2549708.0113,12709748.9619,2549701.1761,SWD4013556,5.17,5.142,7.394534,SMH4012819,SMH4081522,0.015,0.0,0.0
12709772.4514,2549794.1593,12709802.971,2549714.0028,SWD4013550,6.33,5.51,85.770102,SMH4012812,SMH4012813,0.015,0.0,0.08000000000000007
12709802.971,2549714.0028,12709817.5729,2549677.0282,SWD4013551,5.43,5.1,39.753447,SMH4012813,SMH4012817,0.015,0.0,0.0
12709814.6365,2549716.0133,12709809.4358,2549709.2802,SWD4013552,5.81,5.75,8.507756,SMH4012814,SMH4012815,0.015,0.0,0.0
12709766.2627,2549659.2555,12709774.4363,2549638.7003,SWD4014728,4.97,4.41,22.120669,SMH4012821,SMH4084623,0.015,0.0,0.0
12710052.1528,2549029.1638,12710043.8118,2549043.9233,SWD4025967,15.73,15.6,16.953322,SMH4023730,SMH4023731,0.015,0.0,0.0
12710648.502,2549838.228,12710630.5521,2549841.2031,SWD4031673,34.63,34.32,18.194784,SMH4028764,SMH4028751,0.015,0.0,0.0
12710638.7782,2549852.3554,12710648.502,2549838.228,SWD4031682,34.93,34.63,17.150385,SMH4028763,SMH4028764,0.015,0.0,0.0
12710791.1156,2549660.0065,12710785.7142,2549681.7408,SWD4031683,61.54,59.48,22.395422,SMH4029153,SMH4028765,0.015,0.0,0.0
12710785.7142,2549681.7408,12710768.4294,2549741.509,SWD4031684,59.48,53.79,62.217377,SMH4028765,SMH4028766,0.015,0.0,0.0
12710370.4567,2550002.09,12710366.3418,2550003.0573,SWD4031581,16.45,15.92,4.227064,SMH4028675,SMH4028620,0.015,0.0,0.23000000000000043
12710360.1357,2549888.5336,12710370.4933,2549882.379,SWD4031612,18.15,17.39,12.048194,SMH4028701,SMH4028585,0.015,0.0,0.0
12710354.8142,2549923.3013,12710358.7516,2549923.742,SWD4031619,18.36,18.06,3.961986,SWD4031619,SMH4028705,0.015,0.0,0.0
12710343.6366,2550240.7822,12710336.3968,2550227.2958,SWD4032176,14.74,14.44,15.306786,SMH4029217,SMH4029218,0.015,0.0,0.0
12710768.4294,2549741.509,12710746.8223,2549804.5372,SWD4031685,53.79,47.83,66.628978,SMH4028766,SMH4028767,0.015,0.0,0.0
12710746.8223,2549804.5372,12710734.938,2549834.9646,SWD4031686,47.83,45.33,32.665934,SMH4028767,SMH4028768,0.015,0.0,0.0
12710726.2961,2549865.3927,12710718.7342,2549891.4739,SWD4031688,42.7,39.771,27.155319,SMH4028781,SMH4028769,0.015,0.0,0.0
12710718.7342,2549891.4739,12710714.4122,2549903.4273,SWD4031689,39.771,38.48,12.710761,SMH4028769,SMH4028770,0.015,0.0,0.0799999999999983
12710706.8501,2549932.7683,12710699.2874,2549962.1087,SWD4031691,36.99,36.22,30.299398,SMH4028771,SMH4028772,0.015,0.0,0.240000000000002
12710274.4755,2549705.4444,12710260.7611,2549676.9394,SWD4032562,14.56,14.26,31.632575,SMH4028565,SWD40325621,0.015,0.0,0.0
12710514.1212,2550220.6705,12710512.3164,2550223.7552,SWD4031539,16.76,16.54,3.573888,SMH4028640,SMH4028635,0.015,0.0,0.0
12710537.4908,2550172.4824,12710536.9536,2550175.7407,SWD4031546,17.99,17.89,3.302287,SMH4028642,SMH4028643,0.015,0.16999999999999815,0.0
12710319.1762,2549615.2637,12710315.8595,2549617.5002,SWD4032047,19.16,18.77,4.000304,SMH4029105,SMH4029106,0.015,0.0,2.1400000000000006
12710577.5046,2549521.8152,12710575.4709,2549523.7779,SWD4032068,34.97,34.78,2.826327,SMH4029123,SMH4029124,0.015,0.0,0.0
12710487.9236,2550273.7218,12710479.8991,2550279.261,SWD4032179,15.16,14.961,10.16058,SMH4028636,SWD40321791,0.015,0.0,0.0
12710443.9637,2549430.4491,12710418.5869,2549465.0127,SWD4032573,36.74,34.62,42.879184,SMH4029076,SMH4029077,0.015,0.0,1.9799999999999969
12710286.9494,2549580.1732,12710280.9421,2549585.6311,SWD4032032,16.88,16.26,8.116423,SMH4029091,SBP40027601,0.015,0.0,0.0
12710609.8703,2549326.8367,12710572.5051,2549323.0741,SWD4032034,50.54,49.19,37.554165,SMH4029092,SMH4029093,0.015,0.0,0.9099999999999966
12710572.5051,2549323.0741,12710562.4047,2549358.1411,SWD4032035,48.28,47.13,36.492637,SMH4029093,SMH4029094,0.015,0.0,0.9100000000000037
12710554.3644,2549392.4728,12710543.5232,2549432.9864,SWD4032037,44.5,43.14,41.939044,SMH4029095,SMH4029096,0.015,0.0,0.9299999999999997
12710543.5232,2549432.9864,12710528.1241,2549475.498,SWD4032038,42.21,40.13,45.214692,SMH4029096,SMH4029097,0.015,0.0,1.2700000000000031
12710494.6424,2549502.6781,12710451.5885,2549520.8578,SWD4032040,36.77,35.08,46.734781,SMH4029098,SMH4029099,0.015,0.0,0.6000000000000014
12710405.2579,2549573.8787,12710357.8469,2549575.4482,SWD4032043,29.61,28.4,47.436971,SMH4029101,SMH4029102,0.015,0.0,1.0599999999999987
12710357.8469,2549575.4482,12710343.3433,2549590.5385,SWD4032044,27.34,26.63,20.930159,SMH4029102,SMH4029103,0.015,0.0,1.9299999999999997
12710332.7528,2549601.6176,12710319.1762,2549615.2637,SWD4032046,22.31,21.56,19.249419,SMH4029104,SMH4029105,0.015,0.0,2.3999999999999986
12710315.8595,2549617.5002,12710306.9913,2549621.5249,SWD4032048,16.63,16.35,9.738746,SMH4029106,SMH4029107,0.015,0.0,0.0
12710300.1538,2549624.4544,12710290.7177,2549619.8429,SWD4032050,16.2,16.17,10.502662,SMH4029108,SMH4029109,0.015,0.0,0.0
12710290.7177,2549619.8429,12710280.9421,2549585.6311,SWD4032051,16.36,16.26,35.581029,SMH4029109,SBP40027601,0.015,0.18999999999999773,0.0
12710266.4656,2550141.3926,12710260.4561,2550150.0869,SWD4031509,13.75,13.63,10.569056,SMH4028604,SMH4028605,0.015,0.0,0.0
12710278.4753,2550123.6203,12710273.5865,2550120.0935,SWD4031511,14.1,14.06,6.028158,SMH4028607,SMH4028602,0.015,0.0,0.9700000000000006
12710268.5918,2550114.8998,12710273.5865,2550120.0935,SWD4031512,14.16,14.06,7.205661,SWD4031512,SMH4028602,0.015,0.0,0.9700000000000006
12710304.7551,2550064.9973,12710310.299,2550067.1963,SWD4031514,14.93,14.63,5.964095,SMH4028610,SMH4028611,0.015,0.0,0.6900000000000013
12710301.2377,2550062.8723,12710304.7551,2550064.9973,SWD4031516,15.23,14.93,4.109468,SWD4031516,SMH4028610,0.015,0.0,0.0
12710386.2977,2549921.1166,12710383.6814,2549944.544,SWD4031518,17.42,16.9,23.573037,SMH4028615,SMH4028616,0.015,0.0,0.0
12710383.6814,2549944.544,12710378.7028,2549966.019,SWD4031519,16.9,16.48,22.044548,SMH4028616,SMH4028617,0.015,0.0,0.0
12710369.5119,2549991.6516,12710362.9935,2550003.098,SWD4031521,15.89,15.7,13.172305,SMH4028618,SMH4028619,0.015,0.0,0.019999999999999574
12710366.3418,2550003.0573,12710365.3492,2550007.5316,SWD4031523,15.69,15.25,4.583079,SMH4028620,SMH4059900,0.015,0.0,0.0
12710479.8991,2550279.261,12710461.6729,2550271.2265,SWD4031530,14.961,14.57,19.918523,SWD40321791,SMH4028402,0.015,0.0,0.0
12710597.9625,2550259.4913,12710560.1993,2550240.2705,SWD4031536,21.66,19.25,42.373322,SMH4028632,SMH4028633,0.015,0.0,0.0
12710512.3164,2550223.7552,12710491.0225,2550268.3559,SWD4031540,16.54,15.18,49.423199,SMH4028635,SMH4081940,0.015,0.0,0.0
12710579.1585,2550195.8911,12710536.9536,2550175.7407,SWD4031542,21.87,18.01,46.768496,SMH4028638,SMH4028643,0.015,1.0,0.120000000000001
12710273.3573,2549802.3045,12710276.4282,2549797.0538,SWD4031457,24.3,22.76,6.082785,SMH4028557,SMH4028558,0.015,0.0,0.0
12710276.4282,2549797.0538,12710279.3387,2549792.1084,SWD4031458,22.76,21.11,5.738292,SMH4028558,SMH4028559,0.015,0.0,0.0
12710279.3387,2549792.1084,12710282.7068,2549786.3568,SWD4031459,21.11,19.73,6.665208,SMH4028559,SMH4028560,0.015,0.0,0.0
12710292.1104,2549628.0857,12710290.7177,2549619.8429,SWD4032053,16.28,16.17,8.359627,SMH4029111,SMH4029109,0.015,0.0,0.0
12710364.5097,2549600.9294,12710357.8469,2549575.4482,SWD4032054,27.64,27.34,26.33789,SWD4032054,SMH4029102,0.015,0.0,0.0
12710337.111,2550059.0685,12710329.2761,2550070.668,SWD4031526,13.05,12.75,13.997645,SMH4028623,SBP40098201,0.015,0.0,0.0
12710261.9209,2550170.7459,12710248.7872,2550162.7675,SWD40315292,11.94,11.84,15.367138,SBP40136822,SMH4028409,0.015,0.16699999999999982,0.0
12710211.411,2550201.561,12710199.147,2550174.1941,SWD4031532,12.57,12.37,29.989213,SMH4028627,SMH4028628,0.015,0.0,0.009999999999999787
12710199.147,2550174.1941,12710214.6459,2550159.0008,SWD4031533,12.36,12.26,21.703739,SMH4028628,SMH4028629,0.015,0.0,0.009999999999999787
12710313.5542,2550062.1871,12710328.2686,2550072.2087,SWD4031548,14.98,13.28,17.802978,SMH4028613,SWD40315481,0.015,1.1600000000000001,0.33000000000000007
12710323.8283,2550057.0243,12710317.6788,2550054.3988,SWD4031549,15.16,15.01,6.686524,SMH4028644,SMH4028600,0.015,0.0,0.7599999999999998
12709872.1121,2549869.0221,12709876.9886,2549856.3033,SWD4031380,7.58,6.92,13.621605,SMH4028484,SMH4028485,0.015,0.0,0.0
12710101.0897,2549738.4179,12710100.5277,2549731.6277,SWD4032564,11.0,10.9,6.813418,SMH4028539,SWD40325641,0.015,0.8300000000000001,0.0
12710658.2069,2549236.2124,12710641.9095,2549303.9817,SWD4032061,56.32,51.94,69.701386,SMH4029116,SWD4032062,0.015,0.0,0.0
12710633.3605,2549340.5313,12710621.6638,2549384.1894,SWD4032063,49.12,45.73,45.197815,SMH4029118,SMH4029119,0.015,0.0,0.0
12710282.7068,2549786.3568,12710288.6893,2549782.967,SWD4031460,19.73,18.03,6.876122,SMH4028560,SMH4028561,0.015,0.0,0.0
12710304.7986,2549773.0133,12710314.219,2549767.2036,SWD4031462,16.34,15.88,11.067816,SMH4028562,SMH4028563,0.015,0.0,0.0
12710314.219,2549767.2036,12710317.3815,2549753.66,SWD4031463,15.88,15.1,13.90793,SMH4028563,SMH4028588,0.015,0.0,0.0
12710232.6788,2549723.6951,12710240.7947,2549741.862,SWD4031466,19.78,18.62,19.897339,SMH4028566,SMH4028567,0.015,0.0,1.3800000000000026
12710026.0836,2549780.1437,12710020.6655,2549771.3302,SWD4032566,8.82,8.52,10.345704,SMH4029502,SWD40325661,0.015,0.0,0.0
12709879.1169,2549858.566,12709876.9886,2549856.3033,SWD4031381,8.03,7.07,3.10636,SMH4028486,SMH4028485,0.015,0.0,0.15000000000000036
12710555.2297,2549319.524,12710506.2109,2549344.0762,SWD4032056,46.12,43.22,54.823839,SMH4029113,SMH4029114,0.015,0.0,0.0
12710506.2109,2549344.0762,12710470.2353,2549393.1988,SWD4032057,43.22,39.39,60.887385,SMH4029114,SMH4029075,0.015,0.0,0.0
12710612.3519,2549417.8145,12710602.5672,2549459.9471,SWD4032065,42.75,39.61,43.253859,SMH4029120,SMH4029121,0.015,0.0,0.0
12710240.7947,2549741.862,12710273.3043,2549744.474,SWD4031467,17.24,16.36,32.614362,SMH4028567,SMH4028568,0.015,0.0,0.019999999999999574
12710206.1574,2549843.9389,12710202.309,2549836.58,SWD4031470,27.22,26.92,8.304432,SMH4028570,SMH4028571,0.015,0.0,0.060000000000002274
12709881.7386,2549852.4097,12709885.0688,2549844.353,SWD4031383,7.85,7.47,8.717835,SMH4028487,SMH4028488,0.015,0.0,0.21999999999999975
12709877.3595,2549831.015,12709880.3443,2549823.4557,SWD4031385,7.61,7.39,8.127241,SMH4028489,SMH4028490,0.015,0.0,0.0
12709882.5245,2549817.4934,12709891.5457,2549817.2968,SWD4031387,7.15,6.37,9.023342,SMH4028491,SMH4028492,0.015,0.0,0.0
12709886.3502,2549840.3313,12709891.4875,2549826.8359,SWD4031388,7.63,7.49,14.440141,SMH4028493,SMH4028494,0.015,0.0,0.0
12709886.2151,2549814.601,12709888.2266,2549808.035,SWD4031390,7.43,7.39,6.867204,SWD4031390,SMH4075020,0.015,0.0,0.02999999999999936
12709891.1803,2549795.6347,12709903.6187,2549767.9707,SWD4031391,7.18,6.75,30.331678,SMH4028496,SMH4028497,0.015,0.0,0.0
12709896.0728,2549759.1507,12709904.7705,2549753.1446,SWD4031394,6.91,6.61,10.569921,SWD4031394,SMH4028499,0.015,0.0,0.0
12709891.5457,2549817.2968,12709901.8819,2549790.6363,SWD4031396,6.37,6.25,28.594043,SMH4028492,SMH4028501,0.015,0.0,0.0
12709913.2877,2549762.109,12709911.1281,2549751.4111,SWD4031397,6.34,5.89,10.918493,SMH4028502,SWD40324952,0.015,0.0,0.0
12709908.0638,2549899.2341,12709909.4178,2549895.1639,SWD4031398,11.46,11.36,4.289504,SMH4028503,SMH4028504,0.015,0.0,0.0
12709909.4178,2549895.1639,12709911.9557,2549889.0665,SWD4031399,11.36,11.28,6.604485,SMH4028504,SMH4028505,0.015,0.0,0.0
12709911.9557,2549889.0665,12709914.2515,2549883.2212,SWD4031400,11.28,11.05,6.279986,SMH4028505,SMH4028506,0.015,0.0,0.0
12709914.2515,2549883.2212,12709922.2447,2549875.5317,SWD4031401,11.05,10.54,11.091423,SMH4028506,SMH4028507,0.015,0.0,0.0
12709882.0507,2549842.748,12709891.5457,2549817.2968,SWD4032180,6.729,6.37,27.164657,SWD40313821,SMH4028492,0.015,0.0,0.0
12710026.0856,2549784.7712,12710026.0836,2549780.1437,SWD4032470,8.96,8.82,4.6275,SMH4029501,SMH4029502,0.015,0.0,0.0
12710030.8953,2549779.9653,12710026.0836,2549780.1437,SWD4032471,9.12,8.82,4.815006,SMH4029503,SMH4029502,0.015,0.0,0.0
12709922.2447,2549875.5317,12709943.6007,2549822.3583,SWD4031402,10.54,7.41,57.301738,SMH4028507,SMH4028508,0.015,0.0,0.07000000000000028
12710049.5788,2549943.4143,12710025.1832,2549908.2177,SWD4031404,7.32,7.15,42.824595,SMH4028509,SMH4028510,0.015,0.0,0.020000000000000462
12709992.4872,2549899.2216,12709999.7782,2549893.9219,SWD4031406,9.03,8.73,9.013629,SWD4031406,SMH4028512,0.015,0.0,0.019999999999999574
12710645.2644,2549955.5914,12710631.3742,2549948.337,SWD4031694,34.41,34.21,15.671852,SMH4028774,SMH4028778,0.015,0.0,0.0
12710357.139,2549666.5256,12710364.4018,2549671.3736,SWD4031483,21.13,19.63,8.732203,SMH4028582,SMH4028583,0.015,0.0,1.0599999999999987
12710560.1993,2550240.2705,12710525.3517,2550223.2946,SWD4031537,19.25,17.03,38.762564,SMH4028633,SMH4028634,0.015,0.0,0.0
12710013.1207,2550137.8533,12710039.4811,2550152.0207,SWD4031271,28.02,27.85,29.926341,SMH4028372,SMH4028373,0.015,0.0,0.0
12710113.1471,2550188.5487,12710119.3618,2550191.8972,SWD4031274,26.44,26.15,7.059387,SMH4028375,SMH4086360,0.015,0.0,0.0
12710146.8897,2550189.2282,12710152.2351,2550183.973,SWD4031278,17.46,14.36,7.496027,SMH4028379,SMH4028380,0.015,0.0,0.0
12710173.3105,2550164.9649,12710180.0946,2550160.4904,SWD4031281,13.69,12.85,8.126818,SMH4028382,SMH4028383,0.015,0.0,0.0
12710146.9721,2549478.9483,12710183.073,2549517.7875,SWD4032023,28.65,24.94,53.026017,SMH4029085,SMH4029086,0.015,0.0,0.7699999999999996
12710183.073,2549517.7875,12710221.8324,2549544.7312,SWD4032024,24.17,20.83,47.204386,SMH4029086,SMH4029087,0.015,0.0,0.0
12710520.1569,2550299.6059,12710505.1317,2550290.3956,SWD4031297,16.053,15.12,17.623458,SMH4028400,SMH4028401,0.015,0.0,0.0
12710505.1317,2550290.3956,12710479.8991,2550279.261,SWD4031298,15.12,14.961,27.580127,SMH4028401,SWD40321791,0.015,0.0,0.0
12709870.3884,2549661.349,12709866.0054,2549674.4776,SWD4031358,5.229,5.06,13.840911,SWD40313581,SWD40313582,0.015,0.0,0.0
12710305.5069,2549725.4765,12710274.4755,2549705.4444,SWD4031465,14.96,14.56,36.935522,SMH4028564,SMH4028565,0.015,0.0,0.0
12710279.881,2549728.9244,12710274.4755,2549705.4444,SWD4031469,15.9,15.02,24.094187,SMH4028569,SMH4028565,0.015,0.0,0.4599999999999991
12710314.7887,2549701.4155,12710304.8985,2549683.739,SWD4031474,16.86,16.56,20.255239,SMH4028573,SMH4028574,0.015,0.0,0.0
12710304.8985,2549683.739,12710288.512,2549668.7369,SWD4031475,16.56,15.58,22.216669,SMH4028574,SBP40027641,0.015,0.0,0.8699999999999992
12710323.3595,2549652.3525,12710288.512,2549668.7369,SWD4031476,14.91,14.71,38.507101,SMH4028575,SBP40027641,0.015,0.0,0.0
12710379.6761,2549665.2966,12710364.4018,2549671.3736,SWD4031477,20.26,19.96,16.438801,SMH4028577,SMH4028583,0.015,0.0,1.3900000000000006
12710364.4018,2549671.3736,12710358.7342,2549689.1021,SWD4031478,18.57,18.03,18.612399,SMH4028583,SMH4028578,0.015,0.0,0.0
12710358.7342,2549689.1021,12710340.933,2549722.5248,SWD4031479,18.03,16.48,37.867659,SMH4028578,SMH4028579,0.015,0.0,0.0
12710161.4194,2550145.18,12710138.4903,2550132.2641,SWD4031283,12.48,11.76,26.316613,SMH4028384,SMH4028385,0.015,0.0,0.0
12710138.4903,2550132.2641,12710129.3475,2550123.8364,SWD4031284,11.76,11.41,12.434505,SMH4028385,SMH4028386,0.015,0.0,0.0
12710243.0769,2549558.571,12710262.9801,2549570.4172,SWD4032026,20.02,18.18,23.161818,SMH4029088,SWD40320261,0.015,0.0,0.0
12710146.5159,2549470.4374,12710146.9721,2549478.9483,SWD4032027,29.0,28.7,8.523118,SWD4032027,SMH4029085,0.015,0.0,0.05000000000000071
12710154.3458,2549477.14,12710146.9721,2549478.9483,SWD4032028,29.04,28.74,7.592193,SWD4032028,SMH4029085,0.015,0.0,0.08999999999999986
12710189.5574,2549512.6228,12710183.073,2549517.7875,SWD4032029,24.64,24.34,8.289847,SWD4032029,SMH4029086,0.015,0.0,0.16999999999999815
12710317.7726,2549539.7649,12710290.9944,2549575.1414,SWD4032030,17.06,16.89,44.368556,SMH4029089,SMH4029090,0.015,0.0,0.0
12709937.6557,2549483.9516,12709932.6588,2549497.1983,SWD4031937,7.75,7.56,14.157827,SMH4028995,SMH4083766,0.015,0.0,0.0
12709890.4059,2549609.35,12709870.3884,2549661.349,SWD4031939,5.91,5.229,55.718913,SMH4028997,SWD40313581,0.015,0.0,0.0
12710108.8663,2549476.1018,12710121.1466,2549527.3485,SWD4031942,43.28,38.24,52.697533,SMH4028998,SMH4028999,0.015,0.0,0.0
12710121.1466,2549527.3485,12710115.3117,2549537.4491,SWD4031943,38.24,37.19,11.664827,SMH4028999,SMH4028979,0.015,0.0,0.030000000000001137
12710336.0418,2549760.9733,12710317.3815,2549753.66,SWD4031489,15.603,15.1,20.042234,SMH4028590,SMH4028588,0.015,0.0,0.0
12710347.4853,2549765.3852,12710336.0418,2549760.9733,SWD4031491,15.91,15.603,12.264524,SMH4028589,SMH4028590,0.015,0.0,0.0
12710348.647,2549821.6846,12710364.9656,2549817.5423,SWD4031493,17.13,16.54,16.836132,SMH4028592,SMH4028593,0.015,0.0,0.029999999999997584
12710367.9076,2549877.7284,12710362.6344,2549880.7239,SWD4031496,17.78,17.63,6.064624,SMH4028595,SMH4028596,0.015,0.0,0.08999999999999986
12710362.6344,2549880.7239,12710362.3379,2549923.6259,SWD4031497,17.54,17.26,42.903025,SMH4028596,SMH4028597,0.015,0.0,0.010000000000001563
12710362.3379,2549923.6259,12710353.2929,2549968.8566,SWD4031498,17.25,16.28,46.126221,SMH4028597,SMH4028598,0.015,0.0,0.010000000000001563
12710353.2929,2549968.8566,12710339.5634,2550009.0288,SWD4031499,16.27,15.45,42.453561,SMH4028598,SMH4028599,0.015,0.0,0.009999999999999787
12710317.6788,2550054.3988,12710313.5542,2550062.1871,SWD4031501,14.25,13.96,8.813055,SMH4028600,SMH4028613,0.015,0.0,0.14000000000000057
12710313.5542,2550062.1871,12710310.299,2550067.1963,SWD4031502,14.0,13.94,5.973978,SMH4028613,SMH4028611,0.015,0.17999999999999972,0.0
12710297.8082,2550085.8016,12710280.3777,2550108.97,SWD4031504,13.71,13.34,28.993052,SMH4028609,SMH4028601,0.015,0.0,0.10999999999999943
12710113.298,2549916.7542,12710105.0637,2549904.0144,SWD4031426,24.76,23.47,15.169252,SMH4028526,SMH4028527,0.015,0.0,1.8399999999999999
12710091.7742,2549884.6926,12710087.8634,2549878.8567,SWD4031428,19.95,19.88,7.025104,SMH4028528,SMH4028529,0.015,0.0,1.7300000000000004
12710785.722,2549880.604,12710726.2961,2549865.3927,SWD4031701,45.09,42.7,61.341839,SMH4028780,SMH4028781,0.015,0.0,0.0
12710783.4255,2549893.6096,12710813.8147,2549889.2968,SWD4031703,46.06,45.76,30.693708,SWD4031703,SMH4028783,0.015,0.0,0.0
12710268.6478,2549258.6862,12710245.9899,2549262.0295,SWD4031987,36.19,35.53,22.903233,SMH4029050,SMH4029051,0.015,0.0,0.0
12710214.1708,2549266.1417,12710218.3698,2549304.4261,SWD4031988,33.76,31.98,38.513983,SMH4029052,SMH4029053,0.015,0.0,0.33000000000000185
12710231.5526,2549379.8502,12710223.0096,2549382.7117,SWD4031990,29.68,29.53,9.009497,SMH4029055,SMH4029056,0.015,0.0,0.0
12710223.0096,2549382.7117,12710192.7842,2549386.4778,SWD4031991,29.53,29.44,30.459125,SMH4029056,SMH4029057,0.015,0.0,0.0
12710161.0783,2549391.3908,12710164.9328,2549421.7262,SWD4031993,29.47,28.28,30.579301,SMH4029058,SMH4029059,0.015,0.0,0.0
12710123.8709,2549533.081,12710115.3117,2549537.4491,SWD4031921,37.4,37.18,9.609381,SMH4028978,SMH4028979,0.015,0.0,0.020000000000003126
12710115.3117,2549537.4491,12710073.9244,2549558.5392,SWD4031922,37.16,34.56,46.451059,SMH4028979,SMH4028980,0.015,0.0,0.03999999999999915
12710050.2723,2549571.5531,12710030.6534,2549582.5449,SWD4031924,32.34,31.61,22.488239,SMH4028981,SMH4028982,0.015,0.0,0.07000000000000028
12710030.6534,2549582.5449,12709987.1109,2549605.1849,SWD4031925,31.54,30.15,49.076664,SMH4028982,SMH4028983,0.015,0.0,0.0
12709987.1109,2549605.1849,12709984.7575,2549601.5097,SWD4031926,30.15,29.69,4.364125,SMH4028983,SMH4028984,0.015,0.0,0.0
12710582.5424,2549900.149,12710572.0787,2549880.4913,SWD4031597,31.72,30.6,22.269131,SMH4028689,SMH4028679,0.015,0.0,0.0
12710630.5521,2549841.2031,12710615.0547,2549815.526,SWD4031599,34.32,33.024,29.99138,SMH4028751,SWD4069592,0.015,0.0,0.0
12710028.6465,2549788.4196,12710026.0856,2549784.7712,SWD4032473,9.44,9.14,4.457469,SWD4032473,SMH4029501,0.015,0.0,0.17999999999999972
12709825.7651,2549656.5938,12709835.9778,2549640.2694,SWD4032711,4.8,2.89,19.303991,SMH4028459,SBP40129001,0.015,0.0,0.0
12709898.3238,2549744.4993,12709903.9371,2549740.9252,SWD4032718,6.51,6.21,6.654572,SMH4028500,SDP40007901,0.015,0.0,0.0
12710397.7147,2549207.1059,12710351.8866,2549226.1642,SWD4031984,43.99,41.68,49.632989,SMH4029047,SMH4029048,0.015,0.0,0.45000000000000284
12710373.3635,2550151.0239,12710342.1694,2550135.3831,SWD4031554,15.46,14.691,34.895652,SMH4028649,SMH4028650,0.015,0.0,0.0
12710342.1694,2550135.3831,12710300.9446,2550112.385,SWD4031555,14.691,13.65,47.205897,SMH4028650,SWD4031556,0.015,0.0,0.0
12710423.8912,2550119.9693,12710380.8186,2550098.0763,SWD4031559,15.08,14.13,48.317205,SMH4028654,SMH4028655,0.015,0.0,0.0
12710380.8186,2550098.0763,12710328.2686,2550072.2087,SWD4031560,14.13,12.95,58.571625,SMH4028655,SWD40315481,0.015,0.0,0.0
12710412.8473,2550099.8793,12710386.0108,2550086.377,SWD4031575,16.96,15.77,30.041802,SMH4028670,SMH4028671,0.015,0.0,0.0
12710356.6948,2549973.3623,12710368.0487,2549980.9814,SWD4031577,17.47,17.02,13.673395,SMH4028672,SMH4028673,0.015,0.0,0.03999999999999915
12710351.8866,2549226.1642,12710319.3981,2549238.8132,SWD4031985,41.23,39.86,34.864019,SMH4029048,SMH4029049,0.015,0.0,1.4200000000000017
12710202.309,2549836.58,12710236.505,2549812.3577,SWD4031471,26.86,26.57,41.905683,SMH4028571,SMH4028572,0.015,0.0,0.0
12710280.3777,2550108.97,12710273.5865,2550120.0935,SWD4031505,13.23,13.09,13.032753,SMH4028601,SMH4028602,0.015,0.0,0.0
12710820.2816,2549550.251,12710802.9986,2549614.3655,SWD4032105,69.47,67.03,66.403096,SMH4029151,SMH4029152,0.015,0.0,0.0
12710925.6677,2549285.323,12710906.4487,2549276.1172,SWD4032108,65.11,64.26,21.310014,SMH4029155,SMH4029156,0.015,0.0,0.060000000000002274
12710684.1357,2549225.3447,12710658.2069,2549236.2124,SWD4032114,57.14,56.32,28.114224,SMH4029161,SMH4029116,0.015,0.0,0.0
12710914.8413,2549267.3993,12710906.4487,2549276.1172,SWD4032115,65.58,65.05,12.101137,SWD4032115,SMH4029156,0.015,0.0,0.8499999999999943
12710536.9536,2550175.7407,12710515.9938,2550216.2645,SWD4031543,17.89,16.8,45.623367,SMH4028643,SMH4028639,0.015,0.0,0.0
12710515.9938,2550216.2645,12710514.1212,2550220.6705,SWD4031544,16.8,16.76,4.787428,SMH4028639,SMH4028640,0.015,0.0,0.0
12710517.493,2550159.2641,12710537.4908,2550172.4824,SWD4031545,17.96,17.82,23.971555,SMH4028641,SMH4028642,0.015,0.0,0.0
12710519.8617,2550152.8379,12710517.493,2550159.2641,SWD4031547,18.26,17.96,6.848853,SWD4031547,SMH4028641,0.015,0.0,0.0
12710475.2287,2550201.3821,12710441.3723,2550184.3374,SWD4031551,17.08,16.54,37.90485,SMH4028646,SMH4028647,0.015,0.0,0.0
12710441.3723,2550184.3374,12710407.1569,2550167.2977,SWD4031552,16.54,15.94,38.223618,SMH4028647,SMH4028648,0.015,0.0,0.0
12710589.3374,2549526.8476,12710580.9256,2549523.4143,SWD4032085,36.9,36.29,9.085479,SMH4029139,SMH4029133,0.015,0.0,0.0
12710337.2261,2549503.7596,12710337.9993,2549494.3114,SWD4032087,31.66,31.36,9.479785,SWD4032087,SMH4029079,0.015,0.0,0.0
12709979.4372,2549386.6574,12709975.8955,2549393.719,SWD4032091,13.26,12.12,7.899989,SMH4029142,SMH4028992,0.015,0.0,0.0
12710273.5865,2550120.0935,12710257.6724,2550141.8855,SWD4031506,13.09,12.61,26.984252,SMH4028602,SMH4028603,0.015,0.0,0.009999999999999787
12710255.1208,2550149.1767,12710248.7872,2550162.7675,SWD4031508,12.5,12.15,14.994143,SMH4028606,SMH4028409,0.015,0.0,0.3100000000000005
12710575.4709,2549523.7779,12710545.3899,2549557.4318,SWD4032069,34.78,31.74,45.138138,SMH4029124,SMH4029125,0.015,0.0,0.0
12710516.9986,2549579.3778,12710474.038,2549599.6816,SWD4032071,28.7,24.78,47.516917,SMH4029126,SMH4029127,0.015,0.0,0.0
12710474.038,2549599.6816,12710434.7158,2549615.9233,SWD4032072,24.78,21.48,42.544427,SMH4029127,SMH4029128,0.015,0.0,0.0
12710396.5233,2549632.5702,12710359.7495,2549636.4763,SWD4032074,18.32,16.25,36.98067,SMH4029129,SMH4029130,0.015,0.0,0.0
12710327.0207,2549650.5353,12710323.3595,2549652.3525,SWD4032076,15.01,14.91,4.087371,SMH4029131,SMH4028575,0.015,0.09999999999999964,0.0
12710453.1655,2549661.0701,12710443.7611,2549639.1202,SWD4032077,22.41,21.82,23.879716,SMH4028684,SMH4029132,0.015,0.0,0.0
12710443.7611,2549639.1202,12710434.7158,2549615.9233,SWD4032078,21.82,21.48,24.898065,SMH4029132,SMH4029128,0.015,0.0,0.0
12710248.3007,2549266.9242,12710245.9899,2549262.0295,SWD4032459,36.57,35.53,5.412752,SMH4029499,SMH4029051,0.015,0.0,0.0
12710362.125,2549306.6387,12710371.582,2549304.7628,SWD4032461,41.1,40.8,9.641258,SWD4032461,SMH4029072,0.015,0.0,0.0
12710627.3805,2549567.9351,12710617.4913,2549557.1697,SWD4032083,37.45,36.781,14.618143,SWD4032083,SMH4068842,0.015,0.0,0.0
12710601.162,2549531.8453,12710589.3374,2549526.8476,SWD4032084,36.93,36.9,12.837374,SMH4029138,SMH4029139,0.015,0.0,0.0
12710429.4486,2549373.1204,12710433.6088,2549364.7509,SWD4032462,40.17,39.87,9.346432,SWD4032462,SMH4029074,0.015,0.0,0.0
12710436.5422,2549183.5816,12710427.8618,2549184.7862,SWD4032465,46.43,46.13,8.763584,SWD4032465,SMH4029046,0.015,0.0,0.0
12710259.9883,2549446.3791,12710260.6189,2549435.8932,SWD4032469,31.01,30.71,10.504844,SWD4032469,SMH4029081,0.015,0.0,0.0
12710557.0623,2549945.6159,12710546.046,2549953.7345,SWD4032490,30.6,30.1,13.684682,SMH4029515,SMH4029516,0.015,0.0,0.0
12710607.1216,2549946.3803,12710607.465,2549929.9981,SWD4032492,33.52,33.22,16.385799,SWD4032492,SMH4028657,0.015,0.0,0.0
12710034.2676,2549902.0277,12710025.1832,2549908.2177,SWD4031418,9.4,9.1,10.992835,SWD4031418,SMH4028510,0.015,0.0,1.9699999999999998
12710222.2408,2550001.3716,12710191.6321,2549957.5834,SWD4031419,34.17,32.76,53.42564,SMH4028519,SMH4028520,0.015,0.0,0.0
12710174.0927,2549967.6674,12710157.3893,2549967.3528,SWD4031421,32.4,30.84,16.706362,SMH4028521,SMH4028522,0.015,0.0,0.0
12710132.4539,2549944.2028,12710123.6529,2549931.0741,SWD4031424,27.47,25.99,15.805707,SMH4028524,SMH4028525,0.015,0.0,0.0
12710123.6529,2549931.0741,12710113.298,2549916.7542,SWD4031425,25.99,24.76,17.671545,SMH4028525,SMH4028526,0.015,0.0,0.0
12710654.6972,2549596.6898,12710627.3805,2549567.9351,SWD4032082,39.19,37.93,39.661505,SWD4032082,SWD4032083,0.015,0.0,0.4799999999999969
12710913.1919,2549376.3799,12710875.3786,2549401.3751,SWD4032101,71.71,71.45,45.327758,SMH4029147,SMH4029148,0.015,0.0,0.0
12710875.3786,2549401.3751,12710849.4492,2549437.237,SWD4032102,71.45,71.07,44.253922,SMH4029148,SMH4029149,0.015,0.0,0.0
12710849.4492,2549437.237,12710835.4057,2549483.9633,SWD4032103,71.07,70.67,48.791055,SMH4029149,SMH4029150,0.015,0.0,0.0
12710656.0688,2549962.1111,12710622.0537,2549944.0355,SWD4031695,35.11,33.95,38.519532,SMH4028775,SMH4028776,0.015,0.0,0.12000000000000455
12710198.1529,2549830.2016,12710202.309,2549836.58,SWD4031473,27.19,26.89,7.61296,SWD4031473,SMH4028571,0.015,0.0,0.030000000000001137
12710326.7616,2549745.6064,12710322.7128,2549737.0407,SWD4031481,16.43,15.92,9.474386,SMH4028581,SMH4028580,0.015,0.0,0.0
12710322.7128,2549737.0407,12710305.5069,2549725.4765,SWD4031482,15.92,15.23,20.730984,SMH4028580,SMH4028564,0.015,0.0,0.2699999999999996
12710370.4933,2549882.379,12710367.2079,2549843.2983,SWD4031485,17.39,16.63,39.218554,SMH4028585,SMH4028586,0.015,0.0,0.0
12710367.2079,2549843.2983,12710364.9656,2549817.5423,SWD4031486,16.63,16.51,25.853422,SMH4028586,SMH4028593,0.015,0.0,0.0
12710350.6708,2549789.4477,12710336.0418,2549760.9733,SWD4031488,16.25,15.603,32.012483,SMH4028587,SMH4028590,0.015,0.0,0.0
12710538.8048,2549482.6091,12710528.1241,2549475.498,SWD4032093,39.16,38.86,12.831411,SWD4032093,SMH4029097,0.015,0.0,0.0
12710534.2452,2549431.1632,12710543.5232,2549432.9864,SWD4032094,42.51,42.21,9.45544,SWD4032094,SMH4029096,0.015,0.0,0.0
12710554.834,2549436.5927,12710543.5232,2549432.9864,SWD4032095,42.51,42.21,11.871798,SWD4032095,SMH4029096,0.015,0.0,0.0
12709969.0926,2549422.5715,12709961.1429,2549421.9076,SWD4032458,10.44,8.83,7.977374,SWD4032458,SMH4028994,0.015,0.0,0.0
12710465.2215,2550079.0539,12710452.495,2550075.6244,SWD4031608,17.61,17.31,13.180488,SWD4031608,SMH4028665,0.015,0.0,0.0
12710495.2531,2549979.9101,12710502.8534,2549982.7232,SWD4031620,24.9,24.6,8.104202,SWD4031620,SMH4028662,0.015,0.0,0.33999999999999986
12710001.6427,2549487.6447,12709999.5696,2549446.9426,SWD4031931,22.45,19.09,40.754861,SMH4028989,SMH4028990,0.015,0.0,0.010000000000001563
12709999.5696,2549446.9426,12710000.4302,2549395.4793,SWD4031932,19.08,14.29,51.470495,SMH4028990,SMH4028991,0.015,0.0,0.0
12709961.1429,2549421.9076,12709937.6557,2549483.9516,SWD4031936,8.83,7.75,66.340836,SMH4028994,SMH4028995,0.015,0.0,0.0
12709984.7575,2549601.5097,12710002.8449,2549570.8223,SWD4031927,29.69,27.25,35.621209,SMH4028984,SMH4028985,0.015,0.0,0.0
12710006.2928,2549528.0816,12710002.3501,2549495.8171,SWD4031929,25.17,22.87,32.504505,SMH4028987,SMH4028988,0.015,0.0,0.0
12710418.5869,2549465.0127,12710392.0433,2549497.7377,SWD4032014,32.64,31.64,42.136544,SMH4029077,SMH4029078,0.015,0.0,0.0
12710392.0433,2549497.7377,12710337.9993,2549494.3114,SWD4032015,31.64,31.36,54.152502,SMH4029078,SMH4029079,0.015,0.0,0.0
12710300.0251,2549468.3597,12710260.6189,2549435.8932,SWD4032017,31.04,30.71,51.058561,SWD40320171,SMH4029081,0.015,0.0,0.0
12710260.6189,2549435.8932,12710236.6251,2549396.3437,SWD4032018,30.71,30.32,46.258679,SMH4029081,SMH4029082,0.015,0.0,0.0
12710366.3637,2549247.6724,12710354.1437,2549246.3274,SWD4032020,42.04,41.74,12.293796,SWD4032020,SMH4029071,0.015,0.0,0.0
12710406.3605,2549539.1106,12710392.0433,2549497.7377,SWD4032021,32.66,31.64,43.780122,SMH4029083,SMH4029078,0.015,0.0,0.0
12710630.6255,2549847.0974,12710630.5521,2549841.2031,SWD4031598,34.62,34.32,5.894757,SMH4028690,SMH4028751,0.015,0.0,0.0
12710661.4821,2550288.1228,12710638.7908,2550280.5172,SWD4031627,25.19,24.03,23.931992,SMH4028714,SMH4028715,0.015,0.0,0.0
12710660.4017,2550277.2556,12710657.1602,2550267.476,SWD4031629,27.21,26.72,10.30281,SMH4028716,SMH4028717,0.015,0.0,0.0
12710657.1602,2550267.476,12710664.7222,2550247.915,SWD4031630,26.72,26.62,20.971804,SMH4028717,SMH4028718,0.015,0.0,0.0
12710664.7222,2550247.915,12710669.0444,2550240.3072,SWD4031631,26.62,26.19,8.749859,SMH4028718,SMH4028719,0.015,0.0,1.370000000000001
12710634.4676,2550222.9206,12710609.6076,2550211.0836,SWD4031633,24.45,22.85,27.534236,SMH4028720,SMH4028637,0.015,0.0,0.0
12709999.7782,2549893.9219,12710010.1173,2549886.7464,SWD4031407,8.71,6.9,12.585102,SMH4028512,SMH4028511,0.015,0.0,0.0
12710006.7616,2549867.1738,12709995.9266,2549867.2807,SWD4031410,9.01,7.984,10.835527,SMH4028515,SWD40314091,0.015,0.0,0.0
12710436.2836,2549927.5961,12710444.8378,2549967.6452,SWD4031601,29.6,26.02,40.952469,SMH4028692,SMH4028693,0.015,0.0,0.0
12710444.8378,2549967.6452,12710460.2448,2549978.8351,SWD4031602,26.02,25.47,19.041783,SMH4028693,SMH4028694,0.015,0.0,0.0
12710476.538,2549990.5068,12710488.8153,2549999.9766,SWD4031604,23.79,22.05,15.505135,SMH4028695,SMH4028663,0.015,0.0,0.3100000000000023
12710435.0126,2550108.6809,12710423.8912,2550119.9693,SWD4031607,16.04,15.82,15.846562,SMH4028698,SMH4028654,0.015,0.0,0.7400000000000002
12710137.2053,2550118.2317,12710153.3388,2550108.9961,SWD4031286,10.21,10.11,18.589947,SMH4028387,SMH4028388,0.015,0.6500000000000004,0.0
12710368.3902,2550225.2646,12710323.9905,2550203.2199,SWD4031303,13.79,13.69,49.571183,SMH4028406,SMH4028407,0.015,0.5799999999999983,0.0
12710248.7872,2550162.7675,12710231.6637,2550154.9169,SWD4031306,11.84,11.763,18.837361,SMH4028409,SMH4028630,0.015,0.0,0.0
12710231.6637,2550154.9169,12710195.1503,2550136.8274,SWD4031307,11.763,10.63,40.748723,SMH4028630,SMH4028410,0.015,0.0,0.0
12710200.4641,2550126.2022,12710195.1503,2550136.8274,SWD4031310,12.29,12.2,11.879871,SMH4028413,SMH4028410,0.015,0.0,1.5699999999999985
12710116.9163,2550067.5301,12710128.7284,2550053.6194,SWD4031312,11.12,10.669,18.249199,SMH4028415,SWD40313121,0.015,0.0,0.0
12710153.3388,2550108.9961,12710163.8028,2550102.3534,SWD4031313,10.769,10.752,12.394384,SMH4028388,SWD40313141,0.015,0.6590000000000007,0.014000000000001123
12710239.6605,2549528.6473,12710262.9801,2549570.4172,SWD4031997,20.74,18.18,47.838565,SMH4029062,SWD40320261,0.015,0.0,0.0
12710262.9801,2549570.4172,12710266.9275,2549577.4468,SWD4031998,18.18,17.54,8.062087,SWD40320261,SMH4029063,0.015,0.0,0.0
12710477.2061,2549093.7228,12710470.0287,2549094.9442,SWD4032000,51.51,51.21,7.280583,SWD4032000,SMH4029044,0.015,0.0,0.0
12710451.1979,2549119.4355,12710458.715,2549140.8553,SWD4032002,49.23,49.14,22.700542,SWD4032002,SMH4029045,0.015,0.0,0.0
12710383.2173,2549326.5635,12710433.6088,2549364.7509,SWD4032011,40.5,39.87,63.226425,SMH4029073,SMH4029074,0.015,0.0,0.0
12710433.6088,2549364.7509,12710470.2353,2549393.1988,SWD4032012,40.4,40.3,46.376541,SMH4029074,SMH4029075,0.015,0.5300000000000011,0.9099999999999966
12710010.1173,2549886.7464,12709995.9266,2549867.2807,SWD4031411,8.084,7.984,24.089198,SMH4028511,SWD40314091,0.015,1.1839999999999993,0.0
12709976.1735,2549840.1931,12709949.8242,2549806.9544,SWD40314131,6.72,6.62,42.415761,SMH4028516,SWD40314131,0.015,0.09999999999999964,0.0
12709995.9266,2549867.2807,12709976.1735,2549840.1931,SWD4031414,7.984,6.62,33.524961,SWD40314091,SMH4028516,0.015,0.0,0.0
12710045.1932,2549967.1705,12710049.5788,2549943.4143,SWD4031416,10.51,7.32,24.157618,SMH4028518,SMH4028509,0.015,0.0,0.0
12710128.7284,2550053.6194,12710049.5788,2549943.4143,SWD4031417,10.669,7.32,135.682804,SWD40313121,SMH4028509,0.015,0.0,0.0
12710467.8135,2550142.1118,12710423.8912,2550119.9693,SWD4031558,17.572,15.12,49.187994,SMH4028653,SMH4028654,0.015,0.0,0.03999999999999915
12710622.0537,2549944.0355,12710607.465,2549929.9981,SWD4031561,33.95,33.22,20.245463,SMH4028776,SMH4028657,0.015,0.12000000000000455,0.0
12710590.149,2549913.5192,12710564.4276,2549933.8577,SWD4031563,32.96,32.05,32.790929,SMH4028658,SMH4028659,0.015,0.0,0.0
12710564.4276,2549933.8577,12710536.6064,2549953.3163,SWD4031564,32.05,29.4,33.950792,SMH4028659,SMH4028660,0.015,0.0,0.0
12710509.7757,2549972.8997,12710502.8534,2549982.7232,SWD4031566,25.67,24.38,12.017462,SMH4028661,SMH4028662,0.015,0.0,0.11999999999999744
12710488.8153,2549999.9766,12710475.4935,2550028.544,SWD4031568,21.74,19.84,31.520893,SMH4028663,SMH4028664,0.015,0.0,0.0
12710436.5197,2550112.0549,12710426.8393,2550119.0795,SWD4031571,14.58,14.46,11.960566,SMH4028666,SMH4028667,0.015,0.0,0.0
12710426.8393,2550119.0795,12710384.3784,2550098.1875,SWD4031572,14.46,13.55,47.322338,SMH4028667,SMH4028668,0.015,0.0,0.0
12710592.7544,2549912.3225,12710582.7603,2549897.3014,SWD4031585,32.54,31.071,18.042048,SMH4028677,SMH4028678,0.015,0.0,0.0
12710572.0787,2549880.4913,12710550.957,2549843.1268,SWD4031587,30.6,28.88,42.921231,SMH4028679,SMH4028680,0.015,0.0,0.0
12710550.957,2549843.1268,12710527.165,2549805.4062,SWD4031588,28.88,27.71,44.597118,SMH4028680,SMH4028681,0.015,0.0,0.0
12710487.626,2549737.1159,12710483.1267,2549724.6814,SWD4031590,25.12,24.77,13.223483,SMH4028682,SMH4113814,0.015,0.0,0.3000000000000007
12710468.377,2549054.8172,12710470.0287,2549094.9442,SWD4031981,51.31,51.21,40.160979,SMH4029043,SMH4029044,0.015,0.0,0.0
12710458.715,2549140.8553,12710427.8618,2549184.7862,SWD4031982,49.14,46.28,53.682808,SMH4029045,SMH4029046,0.015,0.0,0.14999999999999858
12710163.8028,2550102.3534,12710128.7284,2550053.6194,SWD4031315,10.752,10.669,60.043453,SWD40313141,SWD40313121,0.015,0.014000000000001123,0.0
12710358.7516,2549923.742,12710362.3379,2549923.6259,SWD4031618,18.06,17.8,3.588179,SMH4028705,SMH4028597,0.015,0.0,0.5500000000000007
12709885.0688,2549844.353,12709882.0507,2549842.748,SWD4031384,7.25,6.729,3.418326,SMH4028488,SWD40313821,0.015,0.0,0.0
12710132.9698,2550206.4426,12710136.0998,2550205.9222,SWD4031275,25.78,24.517,3.172966,SMH4028376,SMH4028377,0.015,0.0,0.0
12710139.8913,2550135.27,12710138.4903,2550132.2641,SWD4032493,12.04,11.76,3.316359,SMH4029517,SMH4028385,0.015,0.0,0.0
12710129.3475,2550123.8364,12710137.2053,2550118.2317,SWD4031285,11.41,9.56,9.651823,SMH4028386,SMH4028387,0.015,0.0,0.0
12710087.8634,2549878.8567,12710079.2519,2549866.1647,SWD4031429,18.15,18.07,15.337692,SMH4028529,SMH4028530,0.015,0.0,0.8399999999999999
12710079.2519,2549866.1647,12710074.1734,2549852.6354,SWD4031430,17.23,17.03,14.45106,SMH4028530,SMH4028531,0.015,0.0,1.0300000000000011
12710074.1734,2549852.6354,12710071.7112,2549843.579,SWD4031431,16.0,15.51,9.385138,SMH4028531,SBP40097061,0.015,0.0,0.0
12710096.5933,2549806.1467,12710102.1038,2549793.8784,SWD4031435,11.7,10.9,13.449044,SMH4028535,SMH4028536,0.015,0.0,0.16000000000000014
12710309.9078,2549460.5389,12710300.0251,2549468.3597,SWD4032494,31.34,31.04,12.602883,SWD4032494,SWD40320171,0.015,0.0,0.0
12710294.0654,2549868.7695,12710292.0845,2549855.3524,SWD4031452,27.32,26.93,13.562542,SMH4028552,SMH4028553,0.015,0.0,0.0
12710292.0845,2549855.3524,12710278.4051,2549832.5127,SWD4031453,26.93,26.6,26.622883,SMH4028553,SMH4028554,0.015,0.0,0.0
12710267.5136,2549812.6643,12710270.4403,2549806.8348,SWD4031455,26.39,26.25,6.522932,SMH4028555,SMH4028556,0.015,0.0,0.0
12710270.4403,2549806.8348,12710273.3573,2549802.3045,SWD4031456,26.25,24.3,5.388182,SMH4028556,SMH4028557,0.015,0.0,0.0
12710473.5994,2549707.8519,12710453.1655,2549661.0701,SWD4031591,23.94,22.41,51.04979,SMH4028683,SMH4028684,0.015,0.0,0.0
12710521.7197,2549720.9615,12710494.1894,2549735.0988,SWD4031593,37.97,25.36,30.948032,SMH4028685,SMH4028686,0.015,0.0,0.0
12710494.1894,2549735.0988,12710487.626,2549737.1159,SWD4031594,25.36,25.12,6.866361,SMH4028686,SMH4028682,0.015,0.0,0.0
12710102.1038,2549793.8784,12710102.0384,2549782.4568,SWD4031436,10.74,10.26,11.421787,SMH4028536,SMH4028537,0.015,0.0,0.08999999999999986
12710102.583,2549747.9309,12710101.0897,2549738.4179,SWD4031438,10.34,10.17,9.629492,SMH4028538,SMH4028539,0.015,0.0,0.0
12710124.6356,2549746.9306,12710119.4492,2549737.7686,SWD4031441,10.93,10.653,10.528105,SMH4028542,SMH4028543,0.015,0.0,0.0
12710119.4492,2549737.7686,12710101.0897,2549738.4179,SWD4031442,10.653,10.17,18.370978,SMH4028543,SMH4028539,0.015,0.0,0.0
12710177.8136,2549851.9231,12710168.662,2549858.5816,SWD4031446,25.44,25.191,11.317571,SMH4028546,SMH4079260,0.015,0.0,0.0
12710249.0892,2549918.3099,12710277.541,2549898.6494,SWD4031449,30.92,30.62,34.583814,SMH4028549,SMH4028550,0.015,0.0,0.07000000000000028
12710277.541,2549898.6494,12710286.5867,2549891.4954,SWD4031450,30.55,29.49,11.532754,SMH4028550,SMH4028551,0.015,0.0,0.0
12710556.5879,2550308.5753,12710548.2891,2550313.467,SWD4036083,16.36,16.08,9.633214,SMH4032793,SMH4032794,0.015,0.0,0.0
12710523.5945,2550323.6601,12710520.1569,2550299.6059,SWD4042094,17.34,16.053,24.298599,SMH4032811,SMH4028400,0.015,0.0,0.0
12710548.2891,2550313.467,12710520.1569,2550299.6059,SWD4042095,16.08,16.053,31.361838,SMH4032794,SMH4028400,0.015,0.0,0.0
12710622.9864,2549478.2314,12710617.1032,2549476.5235,SWD4062129,40.04,39.84,6.126089,SMH4053583,SMH4053584,0.015,0.0,0.0
12710617.1032,2549476.5235,12710609.7299,2549496.0851,SWD4062131,39.84,39.15,20.905065,SMH4053584,SMH4053588,0.015,0.0,0.0
12710629.7688,2549480.8841,12710622.9864,2549478.2314,SWD4062132,40.23,40.04,7.282703,SWD4062132,SMH4053583,0.015,0.0,0.0
12710609.7299,2549496.0851,12710600.8178,2549519.7635,SWD4062133,39.15,38.05,25.300043,SMH4053588,SMH4053589,0.015,0.0,0.0
12710600.8178,2549519.7635,12710595.2913,2549520.1723,SWD4062136,38.05,37.71,5.541599,SMH4053589,SMH4053590,0.015,0.0,0.030000000000001137
12710505.6264,2549766.6349,12710487.626,2549737.1159,SWD4069591,26.255,25.12,34.574351,SMH4059520,SMH4028682,0.015,0.0,0.0
12710718.6363,2549233.3251,12710684.1357,2549225.3447,SWD4065616,57.99,57.14,35.411554,SMH4056301,SMH4029161,0.015,0.0,0.0
12710775.1061,2549246.7106,12710756.6665,2549242.2984,SWD4065604,58.91,58.67,18.960125,SMH4056303,SMH4056302,0.015,0.0,0.020000000000003126
12710756.6665,2549242.2984,12710740.3183,2549238.3827,SWD4065606,58.65,58.44,16.810602,SMH4056302,SMH4029160,0.015,0.0,0.0899999999999963
12710906.4487,2549276.1172,12710889.259,2549268.1177,SWD4065608,64.2,63.46,18.959899,SMH4029156,SMH4029157,0.015,0.0,0.07000000000000028
12710840.7983,2549263.3716,12710832.5121,2549261.1603,SWD4065609,60.98,60.48,8.576186,SMH4029158,SMH4056304,0.015,0.0,0.0799999999999983
12710832.5121,2549261.1603,12710812.0453,2549256.0017,SWD4065612,60.4,59.88,21.106896,SMH4056304,SMH4056308,0.015,0.0,0.05000000000000426
12710600.8178,2549519.7635,12710598.0206,2549525.7252,SWD4062143,38.05,36.99,6.585301,SMH4053589,SMH4053591,0.015,0.0,0.0
12710598.0206,2549525.7252,12710589.3374,2549526.8476,SWD4062148,36.99,36.9,8.755441,SMH4053591,SMH4029139,0.015,0.0,0.0
12709921.4085,2549743.3679,12709921.8188,2549747.856,SWD4068001,6.89,6.88,4.506816,SMH4058140,SMH4058124,0.015,0.0,0.03000000000000025
12710101.636,2549757.5617,12710046.0722,2549757.134,SWD4068006,8.0,5.16,55.565446,SMH4058121,SBP40090831,0.015,0.0,0.0
12710812.0453,2549256.0017,12710785.6956,2549249.2474,SWD4065613,59.83,59.18,27.201604,SMH4056308,SMH4029159,0.015,0.0,0.0799999999999983
12710785.6956,2549249.2474,12710775.1061,2549246.7106,SWD4065615,59.1,58.94,10.889117,SMH4029159,SMH4056303,0.015,0.0,0.030000000000001137
12710613.3171,2549552.6852,12710592.7971,2549530.435,SWD4069660,37.45,36.5,30.267834,SMH4068843,SMH4029137,0.015,0.9500000000000028,0.0
12710580.9048,2549894.3903,12710572.0787,2549880.4913,SWD4069656,30.89,30.79,16.464575,SWD40315861,SMH4028679,0.015,0.10000000000000142,0.18999999999999773
12710362.9935,2550003.098,12710365.3492,2550007.5316,SWD4070002,15.68,15.36,5.020571,SMH4028619,SMH4059900,0.015,0.0,0.10999999999999943
12710376.2066,2549975.6796,12710369.5119,2549991.6516,SWD4070003,16.28,15.89,17.318308,SMH4059901,SMH4028618,0.015,0.0,0.0
12710102.0384,2549782.4568,12710101.8563,2549765.7737,SWD4069900,10.17,8.99,16.684094,SMH4028537,SMH4058120,0.015,0.0,0.0
12709893.4792,2549703.0305,12709887.1823,2549705.6523,SWD4068007,5.6,5.48,6.820908,SMH4058141,SWD40680071,0.015,0.0,0.0
12709932.407,2549761.6895,12709927.8693,2549764.7522,SWD4068003,6.8,6.7,5.474564,SMH4058123,SWD40680031,0.015,0.0,0.0
12710105.6638,2549792.6037,12710103.7153,2549766.1527,SWD4072981,11.63,10.9,26.522671,SMH4062320,SMH4062321,0.015,0.0,0.0
12710016.8856,2549086.2139,12710011.242,2549085.5034,SWD4082262,13.49,13.46,5.688148,SMH4069962,SMH4069963,0.015,0.0,0.0
12710011.242,2549085.5034,12709993.7036,2549117.6567,SWD4082263,13.46,13.04,36.62554,SMH4069963,SMH4069964,0.015,0.0,0.0
12709993.7036,2549117.6567,12709977.0747,2549147.2515,SWD4082264,13.04,12.62,33.946613,SMH4069964,SMH4069965,0.015,0.0,0.29999999999999893
12709977.0747,2549147.2515,12709972.4548,2549155.5943,SWD4082265,12.32,12.24,9.53655,SMH4069965,SMH4069966,0.015,0.0,0.40000000000000036
12709936.2519,2549236.1457,12709925.7563,2549261.3938,SWD4082270,11.045,10.905,27.342717,SMH4069970,SMH4069971,0.015,0.0,0.0
12709925.7563,2549261.3938,12709904.9811,2549313.3882,SWD4082271,10.905,10.87,55.991308,SMH4069971,SMH4069972,0.015,0.0,0.0
12709904.9811,2549313.3882,12709877.8537,2549383.0536,SWD4082272,10.87,10.47,74.76071,SMH4069972,SMH4069973,0.015,0.0,0.0
12709878.902,2549397.5902,12709855.8568,2549456.9022,SWD4082276,10.295,9.63,63.631711,SMH4069976,SMH4069977,0.015,0.0,0.02000000000000135
12709855.8568,2549456.9022,12709843.2532,2549485.1836,SWD4082277,9.61,9.19,30.962692,SMH4069977,SMH4069978,0.015,0.0,0.5800000000000001
12709843.2532,2549485.1836,12709830.8884,2549513.3816,SWD4082278,8.61,6.95,30.78986,SMH4069978,SMH4069979,0.015,0.0,0.5899999999999999
12709814.543,2549542.7798,12709802.4141,2549555.0175,SWD4082281,4.37,4.26,17.22996,SMH4069981,SMH4069982,0.015,0.0,0.0
12709802.4141,2549555.0175,12709792.4124,2549564.0239,SWD4082282,4.26,4.23,13.45917,SMH4069982,SBP40130601,0.015,0.0,0.0
12709873.0319,2549394.4085,12709875.7933,2549396.4338,SWD4082274,10.38,10.35,3.424496,SMH4069974,SMH4069975,0.015,0.0,0.0
12709823.9296,2549528.8481,12709814.543,2549542.7798,SWD4082280,5.075,4.62,16.798842,SMH4069980,SMH4069981,0.015,0.0,0.25
12709875.7933,2549396.4338,12709878.902,2549397.5902,SWD4082275,10.35,10.295,3.316817,SMH4069975,SMH4069976,0.015,0.0,0.0
12710025.4543,2549073.434,12710016.8856,2549086.2139,SWD4082261,13.76,13.49,15.386633,SMH4069961,SMH4069962,0.015,0.0,0.0
12709972.4548,2549155.5943,12709969.3018,2549167.2849,SWD4082266,11.84,11.26,12.108325,SMH4069966,SMH4069967,0.015,0.0,0.0
12709969.3018,2549167.2849,12709960.5258,2549185.4298,SWD4082267,11.26,11.17,20.155783,SMH4069967,SMH4069968,0.015,0.0,0.0
12709960.5258,2549185.4298,12709947.0507,2549213.0248,SWD4082268,11.17,11.09,30.70932,SMH4069968,SMH4069969,0.015,0.0,0.0
12709947.0507,2549213.0248,12709936.2519,2549236.1457,SWD4082269,11.09,11.045,25.518427,SMH4069969,SMH4069970,0.015,0.0,0.0
12710617.4913,2549557.1697,12710613.3171,2549552.6852,SWD4081004,36.781,36.5,6.126556,SMH4068842,SMH4068843,0.015,0.0,0.0
12710637.7597,2549362.6482,12710633.056,2549381.9235,SWD4081000,46.33,46.03,19.840917,SMH4068840,SMH4068841,0.015,0.0,0.0
12710633.056,2549381.9235,12710621.6638,2549384.1894,SWD4081001,46.03,45.73,11.615357,SMH4068841,SMH4029119,0.015,0.0,0.0
12710595.2913,2549520.1723,12710580.9256,2549523.4143,SWD4081002,37.68,36.29,14.726979,SMH4053590,SMH4029133,0.015,0.0,0.0
12710591.879,2549493.3083,12710575.4709,2549523.7779,SWD4081003,36.93,34.78,34.60668,SMH4029122,SMH4029124,0.015,0.0,0.0
12710055.7093,2549581.4679,12710050.2723,2549571.5531,SWD4086064,32.64,32.34,11.307707,SWD4086064,SMH4028981,0.015,0.0,0.0
12710360.4706,2549578.8461,12710357.8469,2549575.4482,SWD4094826,27.64,27.34,4.292962,SWD4094826,SMH4029102,0.015,0.0,0.0
12709932.6588,2549497.1983,12709928.7369,2549507.3686,SWD4100260,7.56,7.414,10.900289,SMH4083766,SMH4083765,0.015,0.0,0.0
12710491.0225,2550268.3559,12710487.9236,2550273.7218,SWD4097921,15.18,15.16,6.196456,SMH4081940,SMH4028636,0.015,0.0,0.0
12709932.0218,2549759.5141,12709927.5959,2549764.3559,SWD4093340,6.13,6.07,6.559849,SMH4078080,SWD40933401,0.015,0.0,0.0
12709935.5937,2549757.1799,12709932.0218,2549759.5141,SWD4096300,6.44,6.14,4.266961,SWD4096300,SMH4078080,0.015,0.0,0.009999999999999787
12709915.6985,2549728.7466,12709907.1458,2549734.9335,SWD4098660,5.65,5.35,10.555871,SWD4098660,SWD40986601,0.015,0.0,0.0
12710168.662,2549858.5816,12710148.5287,2549873.2772,SWD4094804,25.191,24.642,24.926099,SMH4079260,SMH4028547,0.015,0.0,0.0
12710889.0089,2549278.2671,12710889.259,2549268.1177,SWD4099362,63.69,63.39,10.152481,SWD4099362,SMH4029157,0.015,0.0,0.0
12710288.3383,2549690.7721,12710280.5188,2549670.6925,SWD4095504,16.0,15.0,21.548432,SMH4079863,SWD40955041,0.015,0.0,0.0
12710186.9541,2549858.7392,12710177.8136,2549851.9231,SWD4094803,25.74,25.44,11.402103,SWD4094803,SMH4028546,0.015,0.0,0.0
12709895.4652,2549595.8187,12709890.4059,2549609.35,SWD4100267,6.168,5.98,14.446197,SMH4083760,SMH4028997,0.015,0.0,0.07000000000000028
12709903.7852,2549573.8043,12709895.4652,2549595.8187,SWD4100266,6.474,6.168,23.53415,SMH4083761,SMH4083760,0.015,0.0,0.0
12709908.3,2549561.9662,12709903.7852,2549573.8043,SWD4100265,6.639,6.474,12.669808,SMH4083762,SMH4083761,0.015,0.0,0.0
12709924.697,2549518.4948,12709918.0412,2549536.2003,SWD4100262,7.256,7.002,18.91519,SMH4083764,SMH4083763,0.015,0.0,0.0
12709748.9619,2549701.1761,12709766.2627,2549659.2555,SWD4097502,5.142,5.01,45.350352,SMH4081522,SMH4012821,0.015,0.0,0.040000000000000036
12709820.2593,2549682.0296,12709817.5729,2549677.0282,SWD4013554,5.19,5.1,5.677213,SMH4012816,SMH4012817,0.015,0.0,0.0
12709772.1536,2549673.7844,12709766.2627,2549659.2555,SWD4013557,5.46,5.11,15.677743,SMH4012820,SMH4012821,0.015,0.0,0.14000000000000057
12710612.2742,2550195.0585,12710599.8891,2550206.3728,SWD4098591,22.64,22.34,16.775103,SWD4098591,SMH4082500,0.015,0.0,0.12300000000000111
12710599.8891,2550206.3728,12710579.1585,2550195.8911,SWD4098592,22.217,20.87,23.229804,SMH4082500,SMH4028638,0.015,0.0,0.0
12710615.0547,2549815.526,12710588.0734,2549770.286,SWD4069592,33.024,30.748,52.674929,SWD4069592,SMH4028691,0.015,0.0,0.0
12710536.6694,2549799.9235,12710527.165,2549805.4062,SWD4069574,28.184,27.71,10.972403,SMH4059548,SMH4028681,0.015,0.0,0.0
12710637.4766,2549444.3436,12710629.6967,2549455.0814,SWD4062146,40.89,40.46,13.260178,SWD4062146,SMH4053582,0.015,0.0,0.0
12710365.3492,2550007.5316,12710356.0936,2550023.8085,SWD4070001,15.25,15.06,18.724412,SMH4059900,SMH4028621,0.015,0.0,0.030000000000001137
12709877.8537,2549383.0536,12709873.0319,2549394.4085,SWD4082273,10.47,10.38,12.336268,SMH4069973,SMH4069974,0.015,0.0,0.0
12709830.8884,2549513.3816,12709823.9296,2549528.8481,SWD4082279,6.36,5.455,16.95988,SMH4069979,SMH4069980,0.015,0.0,0.3799999999999999
12709918.0412,2549536.2003,12709914.3964,2549546.1475,SWD4100264,7.002,6.86,10.59393,SMH4083763,SMH4028996,0.015,0.0,0.0
12709890.1036,2549800.035,12709891.1803,2549795.6347,SWD4094805,7.244,7.18,4.530113,SMH4079262,SMH4028496,0.015,0.0,0.0
12710101.8563,2549765.7737,12710101.636,2549757.5617,SWD4068004,9.09,8.99,8.214954,SMH4058120,SMH4058121,0.015,0.09999999999999964,0.9900000000000002
12710257.6724,2550141.8855,12710255.1208,2550149.1767,SWD4031507,12.6,12.5,7.724782,SMH4028603,SMH4028606,0.015,0.0,0.0
12710388.0363,2549888.162,12710386.2977,2549921.1166,SWD4031517,18.98,18.29,33.00043,SMH4028614,SMH4028615,0.015,0.0,0.8699999999999974
12710290.9944,2549575.1414,12710286.9494,2549580.1732,SWD4032031,16.89,16.88,6.456085,SMH4029090,SMH4029091,0.015,0.0,0.0
12710266.9275,2549577.4468,12710274.7417,2549591.0611,SWD4032561,17.54,17.24,15.69748,SMH4029063,SBP40027661,0.015,0.0,0.0
12710562.4047,2549358.1411,12710554.3644,2549392.4728,SWD4032036,46.22,45.01,35.26063,SMH4029094,SMH4029095,0.015,0.0,0.509999999999998
12710528.1241,2549475.498,12710494.6424,2549502.6781,SWD4032039,38.86,36.79,43.125191,SMH4029097,SMH4029098,0.015,0.0,0.01999999999999602
12710421.7988,2549533.787,12710405.2579,2549573.8787,SWD4032042,32.63,31.72,43.369872,SMH4029100,SMH4029101,0.015,0.0,2.1099999999999994
12710343.3433,2549590.5385,12710332.7528,2549601.6176,SWD4032045,24.7,23.94,15.326616,SMH4029103,SMH4029104,0.015,0.0,1.6300000000000026
12710306.9913,2549621.5249,12710300.1538,2549624.4544,SWD4032049,16.35,16.2,7.438641,SMH4029107,SMH4029108,0.015,0.0,0.0
12710300.1538,2549624.4544,12710292.1104,2549628.0857,SWD4032052,16.38,16.28,8.825113,SMH4029108,SMH4029111,0.015,0.17999999999999972,0.0
12710651.7426,2549820.8409,12710630.5521,2549841.2031,SWD4031674,36.12,34.32,29.388033,SMH4028750,SMH4028751,0.015,0.0,0.0
12710734.938,2549834.9646,12710726.2961,2549865.3927,SWD4031687,45.33,42.7,31.631499,SMH4028768,SMH4028781,0.015,0.0,0.0
12710714.4122,2549903.4273,12710706.8501,2549932.7683,SWD4031690,38.4,37.64,30.299829,SMH4028770,SMH4028771,0.015,0.0,0.6499999999999986
12710460.2448,2549978.8351,12710476.538,2549990.5068,SWD4031603,25.47,23.79,20.042379,SMH4028694,SMH4028695,0.015,0.0,0.0
12710449.8725,2550076.7987,12710435.0126,2550108.6809,SWD4031606,16.77,16.04,35.175152,SMH4028697,SMH4028698,0.015,0.0,0.0
12710455.886,2550068.6299,12710452.495,2550075.6244,SWD4031609,18.74,17.34,7.773153,SWD40316091,SMH4028665,0.015,0.0,0.030000000000001137
12710312.9912,2549769.8935,12710314.219,2549767.2036,SWD4031613,16.47,15.88,2.956866,SMH4028702,SMH4028563,0.015,0.0,0.0
12709986.5434,2549881.4784,12709989.8436,2549879.5197,SWD4031408,8.98,8.54,3.837685,SMH4028513,SMH4028514,0.015,0.0,0.0
12710145.4434,2550191.2796,12710146.8897,2550189.2282,SWD4031277,17.6,17.46,2.509985,SMH4028378,SMH4028379,0.015,0.0,0.0
12710588.0734,2549770.286,12710536.6694,2549799.9235,SWD4031600,30.748,28.184,59.33593,SMH4028691,SMH4059548,0.015,0.0,0.0
12710288.6893,2549782.967,12710304.7986,2549773.0133,SWD4031461,18.03,16.34,18.936359,SMH4028561,SMH4028562,0.015,0.0,0.0
12710317.3815,2549753.66,12710305.5069,2549725.4765,SWD4031464,15.1,14.96,30.582933,SMH4028588,SMH4028564,0.015,0.0,0.0
12710273.3043,2549744.474,12710279.881,2549728.9244,SWD4031468,16.34,15.9,16.883218,SMH4028568,SMH4028569,0.015,0.0,0.0
12710236.505,2549812.3577,12710267.5136,2549812.6643,SWD4031472,26.57,26.39,31.010116,SMH4028572,SMH4028555,0.015,0.0,0.0
12710340.933,2549722.5248,12710322.7128,2549737.0407,SWD4031480,16.48,15.97,23.295644,SMH4028579,SMH4028580,0.015,0.0,0.05000000000000071
12710470.2353,2549393.1988,12710443.9637,2549430.4491,SWD4032013,39.39,37.37,45.582692,SMH4029075,SMH4029076,0.015,0.0,0.6299999999999955
12710369.3844,2549919.0711,12710370.4933,2549882.379,SWD4031484,19.71,17.39,36.708853,SMH4028584,SMH4028585,0.015,0.0,0.0
12710364.9656,2549817.5423,12710350.6708,2549789.4477,SWD4031487,16.51,16.27,31.52218,SMH4028593,SMH4028587,0.015,0.0,0.019999999999999574
12710339.5634,2550009.0288,12710317.6788,2550054.3988,SWD4031500,15.44,14.37,50.37234,SMH4028599,SMH4028600,0.015,0.0,0.11999999999999922
12710310.299,2550067.1963,12710297.8082,2550085.8016,SWD4031503,13.94,13.73,22.409312,SMH4028611,SMH4028609,0.015,0.0,0.019999999999999574
12710802.9986,2549614.3655,12710791.1156,2549660.0065,SWD4032106,67.03,61.54,47.162555,SMH4029152,SMH4029153,0.015,0.0,0.0
12710740.3183,2549238.3827,12710718.6363,2549233.3251,SWD4032113,58.35,58.04,22.264062,SMH4029160,SMH4056301,0.015,0.0,0.04999999999999716
12710026.4975,2549790.1691,12710026.0856,2549784.7712,SWD4032472,9.37,9.07,5.413593,SWD4032472,SMH4029501,0.015,0.0,0.10999999999999943
12710337.9993,2549494.3114,12710300.0251,2549468.3597,SWD4032016,31.36,31.13,46.004614,SMH4029079,SWD40320171,0.015,0.0,0.08999999999999986
12710236.6251,2549396.3437,12710231.5526,2549379.8502,SWD4032019,30.32,29.68,17.255892,SMH4029082,SMH4029055,0.015,0.0,0.0
12710434.7158,2549615.9233,12710396.5233,2549632.5702,SWD4032073,21.48,18.32,41.662769,SMH4029128,SMH4029129,0.015,0.0,0.0
12710359.7495,2549636.4763,12710327.0207,2549650.5353,SWD4032075,16.25,14.91,35.620638,SMH4029130,SMH4029131,0.015,0.0,0.0
12710608.1312,2549526.6074,12710601.162,2549531.8453,SWD4032086,37.03,36.93,8.718104,SWD4032086,SMH4029138,0.015,0.0,0.0
12710490.514,2549494.8961,12710494.6424,2549502.6781,SWD4032092,37.07,36.77,8.809268,SWD4032092,SMH4029098,0.015,0.0,0.0
12710336.3968,2550227.2958,12710323.9905,2550203.2199,SWD4032177,14.44,13.69,27.08441,SMH4029218,SMH4028407,0.015,0.0,0.0
12710043.8118,2549043.9233,12710038.3565,2549053.0473,SWD4025968,15.6,13.925,10.630507,SMH4023731,SMH4069960,0.015,0.0,0.0
12710001.0915,2549123.0305,12709993.7036,2549117.6567,SWD4025972,14.86,14.48,9.135578,SMH4023735,SMH4069964,0.015,0.0,1.4400000000000013
12710119.3618,2550191.8972,12710132.9698,2550206.4426,SWD4103260,26.2,25.78,19.918492,SMH4086360,SMH4028376,0.015,0.05000000000000071,0.0
12710114.6347,2550197.6098,12710119.3618,2550191.8972,SWD4103262,26.64,26.34,7.414801,SWD4103262,SMH4086360,0.015,0.0,0.19000000000000128
12710546.8128,2550334.7403,12710548.2891,2550313.467,SWD4036081,17.75,16.08,21.324464,SMH4032791,SMH4032794,0.015,0.0,0.0
12710356.0936,2550023.8085,12710342.8539,2550048.2503,SWD4031524,15.03,14.76,27.797324,SMH4028621,SMH4028622,0.015,0.0,1.5299999999999994
12710002.8449,2549570.8223,12710007.7427,2549542.8875,SWD4031928,27.25,26.03,28.360915,SMH4028985,SMH4028986,0.015,0.0,0.0
12709817.5729,2549677.0282,12709825.7651,2549656.5938,SWD4032709,5.1,4.87,22.015377,SMH4012817,SMH4028459,0.015,0.0,0.07000000000000028
12710081.675,2550171.5386,12710113.1471,2550188.5487,SWD4031273,27.07,26.44,35.774804,SMH4028374,SMH4028375,0.015,0.0,0.0
12710173.1795,2549849.0643,12710177.8136,2549851.9231,SWD4109723,25.74,25.44,5.444963,SWD4109723,SMH4028546,0.015,0.0,0.0
12710525.3517,2550223.2946,12710514.1212,2550220.6705,SWD4031538,17.03,16.76,11.532997,SMH4028634,SMH4028640,0.015,0.0,0.0
12709928.7369,2549507.3686,12709924.697,2549518.4948,SWD4100261,7.414,7.256,11.836939,SMH4083765,SMH4083764,0.015,0.0,0.0
12709877.3425,2549662.8644,12709870.3884,2549661.349,SWD4115249,5.88,5.229,7.117299,SWD4115249,SWD40313581,0.015,0.0,0.0
12710889.259,2549268.1177,12710863.9639,2549265.4567,SWD4065611,63.39,62.36,25.434681,SMH4029157,SMH4056307,0.015,0.0,0.0899999999999963
12710476.9187,2549089.5861,12710470.0287,2549094.9442,SWD4115243,51.36,51.21,8.728192,SWD4115243,SMH4029044,0.015,0.0,0.0
12709895.8247,2549817.3797,12709891.5457,2549817.2968,SWD4095501,6.67,6.37,4.279803,SWD4095501,SMH4028492,0.015,0.0,0.0
12710424.6473,2550126.4666,12710423.8912,2550119.9693,SWD4032468,15.73,15.43,6.541146,SWD4032468,SMH4028654,0.015,0.0,0.34999999999999964
12710195.1503,2550136.8274,12710179.9616,2550124.8791,SWD4031308,10.63,10.36,19.325074,SMH4028410,SMH4028411,0.015,0.0,0.0
12710602.5672,2549459.9471,12710591.879,2549493.3083,SWD4032066,39.61,36.93,35.031518,SMH4029121,SMH4029122,0.015,0.0,0.0
12710128.6523,2549760.3745,12710124.6356,2549746.9306,SWD4031443,11.23,10.93,14.03112,SWD4031443,SMH4028542,0.015,0.0,0.0
12709990.4698,2549842.0003,12709976.1735,2549840.1931,SWD4113765,6.92,6.62,14.410072,SWD4113765,SMH4028516,0.015,0.0,0.0
12710000.4302,2549395.4793,12709975.8955,2549393.719,SWD4031933,14.29,12.2,24.597767,SMH4028991,SMH4028992,0.015,0.0,0.08000000000000007
12709914.3964,2549546.1475,12709908.3,2549561.9662,SWD4031938,6.86,6.639,16.952798,SMH4028996,SMH4083762,0.015,0.0,0.0
12710394.2177,2549324.566,12710383.2173,2549326.5635,SWD4115532,40.8,40.5,11.180287,SWD4115532,SMH4029073,0.015,0.0,0.0
12710439.2097,2549358.3746,12710433.6088,2549364.7509,SWD4115531,40.37,39.87,8.486889,SWD4115531,SMH4029074,0.015,0.0,0.0
12710125.4902,2549536.1418,12710123.8709,2549533.081,SWD4115535,37.63,37.4,3.462749,SWD4115535,SMH4028978,0.015,0.0,0.0
12710678.5079,2549967.6673,12710645.2644,2549955.5914,SWD4116460,34.71,34.41,35.36888,SMH4028773,SMH4028774,0.015,0.0,0.0
12710628.199,2549946.11,12710622.0537,2549944.0355,SWD4116462,34.13,33.83,6.486005,SMH4028676,SMH4028776,0.015,0.0,0.0
12710656.8208,2549959.2123,12710631.3742,2549948.337,SWD4116461,35.08,34.21,27.681917,SMH4097741,SMH4028778,0.015,0.0,0.0
12710631.3742,2549948.337,12710622.0537,2549944.0355,SWD4116463,34.21,33.83,10.265214,SMH4028778,SMH4028776,0.015,0.0,0.0
12709902.8164,2549792.4311,12709901.8819,2549790.6363,SWD4135981,6.55,6.25,2.023511,SMH4112979,SMH4028501,0.015,0.0,0.0
12709904.4521,2549795.9135,12709902.8164,2549792.4311,SWD4135982,6.85,6.55,3.847418,SWD4135982,SMH4112979,0.015,0.0,0.0
12710012.4928,2549529.8196,12710006.2928,2549528.0816,SWD4136060,25.672,25.17,6.438994,SMH4113039,SMH4028987,0.015,0.0,0.0
12710938.3226,2549311.7525,12710925.6677,2549285.323,SWD4032107,67.76,65.23,29.302986,SMH4029154,SMH4029155,0.015,0.0,0.12000000000000455
12710495.7027,2550208.3677,12710475.2287,2550201.3821,SWD4031550,17.7,17.08,21.632921,SMH4028645,SMH4028646,0.015,0.0,0.0
12709941.1553,2549773.4531,12709932.407,2549761.6895,SWD4068008,7.19,6.94,14.659981,SMH4058122,SMH4058123,0.015,0.0,0.14000000000000057
12710371.582,2549304.7628,12710383.2173,2549326.5635,SWD4032010,40.8,40.5,24.711348,SMH4029072,SMH4029073,0.015,0.0,0.0
12710400.7129,2549211.8015,12710397.7147,2549207.1059,SWD4032464,44.29,43.99,5.571163,SWD4032464,SMH4029047,0.015,0.0,0.0
12710157.3893,2549967.3528,12710141.24,2549956.1729,SWD4031422,30.84,29.01,19.641539,SMH4028522,SMH4028523,0.015,0.0,0.0
12710664.3062,2549977.5972,12710657.1287,2549966.5852,SWD4031697,34.67,34.35,13.144605,SWD4031697,SMH4028777,0.015,0.0,0.0
12710469.0693,2550057.5896,12710456.0513,2550068.3468,SWD40316101,18.9,18.8,16.887441,SMH4028699,SWD40316101,0.015,0.0,0.0
12709975.8955,2549393.719,12709967.7552,2549403.7088,SWD4031934,12.12,9.68,12.88645,SMH4028992,SMH4028993,0.015,0.0,0.0
12710373.2238,2549818.4059,12710370.6832,2549818.1196,SWD4115250,19.24,18.399,2.556681,SWD4115250,SMH4113151,0.015,0.0,0.0
12710580.449,2549878.4964,12710572.0787,2549880.4913,SWD4115251,30.9,30.6,8.60474,SWD4115251,SMH4028679,0.015,0.0,0.0
12710694.7088,2550253.7285,12710669.0444,2550240.3072,SWD4115252,24.87,24.82,28.961918,SWD4115252,SMH4028719,0.015,0.0,0.0
12710015.6271,2549534.7932,12710012.4928,2549529.8196,SWD4115601,26.13,25.672,5.878821,SWD4115601,SMH4113039,0.015,0.0,0.0
12710010.3324,2549488.6721,12710001.6427,2549487.6447,SWD4115602,23.41,22.45,8.750225,SWD4115602,SMH4028989,0.015,0.0,0.0
12710472.0224,2550032.5876,12710449.8725,2550076.7987,SWD4031605,20.54,16.77,49.449362,SMH4028696,SMH4028697,0.015,0.0,0.0
12710381.2494,2550230.6211,12710368.3902,2550225.2646,SWD4031302,13.37,13.21,13.930223,SMH4028405,SMH4028406,0.015,0.0,0.0
12710559.0872,2550309.4844,12710556.5879,2550308.5753,SWD4036082,17.74,16.36,2.659504,SMH4032792,SMH4032793,0.015,0.0,0.0
12710451.5885,2549520.8578,12710421.7988,2549533.787,SWD4032041,34.48,33.4,32.474458,SMH4029099,SMH4029100,0.015,0.0,0.769999999999996
12710309.5112,2550059.4113,12710313.5542,2550062.1871,SWD4031515,14.12,13.82,4.904173,SMH4028612,SMH4028613,0.015,0.0,0.0
12710475.4935,2550028.544,12710456.0513,2550068.3468,SWD4031569,19.84,18.8,44.297427,SMH4028664,SWD40316101,0.015,0.0,0.0
12710670.0898,2549188.399,12710658.2069,2549236.2124,SWD4032060,58.54,56.32,49.267885,SMH4029115,SMH4029116,0.015,0.0,0.0
12710354.1437,2549246.3274,12710371.582,2549304.7628,SWD4032500,41.74,40.858,60.981885,SMH4029071,SMH4029072,0.015,0.0,0.05799999999999983
12710632.0103,2549941.0618,12710622.0537,2549944.0355,SWD4117242,34.0,33.83,10.391187,SWD4117242,SMH4028776,0.015,0.0,0.0
12710576.3549,2549309.8223,12710572.5051,2549323.0741,SWD4032059,49.58,49.28,13.79968,SWD4032059,SMH4029093,0.015,0.0,1.0
12709904.7705,2549753.1446,12709898.3238,2549744.4993,SWD4031393,6.61,6.51,10.784301,SMH4028499,SMH4028500,0.015,0.0,0.0
12710458.9363,2549716.3113,12710473.5994,2549707.8519,SWD4031592,24.24,23.94,16.928318,SWD4031592,SMH4028683,0.015,0.0,0.0
12709905.5891,2549762.7861,12709904.7705,2549753.1446,SWD4095521,6.699,6.61,9.676189,SMH4079880,SMH4028499,0.015,0.0,0.0
12709943.6007,2549822.3583,12709949.8242,2549806.9544,SWD4031403,7.34,6.62,16.613612,SMH4028508,SWD40314131,0.015,0.0,0.0
12710679.8218,2549966.3392,12710656.8208,2549959.2123,SWD4031693,35.63,35.08,24.07984,SMH4097740,SMH4097741,0.015,0.0,0.0
12710072.9301,2549758.981,12710057.631,2549742.3545,SWD4031439,9.87,8.93,22.595266,SMH4028540,SWD4032565,0.015,0.0,0.0
12710629.6967,2549455.0814,12710622.9864,2549478.2314,SWD4062128,40.46,40.04,24.102917,SMH4053582,SMH4053583,0.015,0.0,0.0
12710116.3276,2549793.0436,12710105.6638,2549792.6037,SWD4072980,13.09,12.79,10.672869,SWD4072980,SMH4062320,0.015,0.0,1.1599999999999984
12710168.1503,2550171.397,12710173.3105,2550164.9649,SWD4031280,13.88,13.69,8.246185,SMH4028381,SMH4028382,0.015,0.0,0.0
12710148.3807,2549374.2437,12710160.4443,2549431.3181,SWD4032022,27.84,27.74,58.335389,SMH4029084,SMH4029060,0.015,0.0,0.0
12710180.0946,2550160.4904,12710161.4194,2550145.18,SWD4031282,12.85,12.48,24.148943,SMH4028383,SMH4028384,0.015,0.0,0.0
12710470.0287,2549094.9442,12710458.715,2549140.8553,SWD4032574,51.21,49.46,47.284553,SMH4029044,SMH4029045,0.015,0.0,0.3200000000000003
12710221.8324,2549544.7312,12710243.0769,2549558.571,SWD4032025,20.83,20.02,25.354858,SMH4029087,SMH4029088,0.015,0.0,0.0
12710355.9252,2549847.4802,12710348.647,2549821.6846,SWD4031492,17.62,17.14,26.802708,SMH4028591,SMH4028592,0.015,0.0,0.010000000000001563
12710645.3118,2549607.7292,12710654.6972,2549596.6898,SWD4115140,40.41,39.19,14.489792,SWD4115140,SWD4032082,0.015,0.0,0.0
12710105.0637,2549904.0144,12710091.7742,2549884.6926,SWD4031427,21.63,21.45,23.450859,SMH4028527,SMH4028528,0.015,0.0,1.5
12709888.2266,2549808.035,12709890.1036,2549800.035,SWD4089020,7.36,7.244,8.217246,SMH4075020,SMH4079262,0.015,0.0,0.0
12710160.4443,2549431.3181,12710194.2359,2549480.7228,SWD4031995,27.74,24.36,59.855631,SMH4029060,SMH4029061,0.015,0.0,0.0
12710073.9244,2549558.5392,12710050.2723,2549571.5531,SWD4031923,34.52,32.34,26.995989,SMH4028980,SMH4028981,0.015,0.0,0.0
12710933.793,2549350.5208,12710940.6989,2549331.0517,SWD4065602,69.5,68.73,20.657621,SMH4056305,SMH4056306,0.015,0.0,0.030000000000001137
12710368.0487,2549980.9814,12710369.5119,2549991.6516,SWD4031578,16.98,15.89,10.770057,SMH4028673,SMH4028618,0.015,0.0,0.0
12710370.6832,2549818.1196,12710364.9656,2549817.5423,SWD4136288,18.399,16.51,5.746671,SMH4113151,SMH4028593,0.015,0.0,0.0
12710607.465,2549929.9981,12710592.7544,2549912.3225,SWD4116440,33.22,32.54,22.996273,SMH4028657,SMH4028677,0.015,0.0,0.0
12710454.8301,2549678.6575,12710456.8817,2549675.9772,SWD4136319,24.08,24.05,3.375362,SMH4113166,SWD4136319,0.015,0.0,0.7899999999999991
12710450.8621,2549681.5268,12710454.8301,2549678.6575,SWD4136323,24.22,24.1,4.896724,SWD4136323,SMH4113166,0.015,0.0,0.020000000000003126
12710456.8817,2549675.9772,12710453.1655,2549661.0701,SWD4136320,23.26,22.9,15.363342,SWD4136319,SMH4028684,0.015,0.0,0.48999999999999844
12710066.9606,2549824.2711,12710082.9264,2549820.439,SWD41243411,14.558,14.258,16.41925,SWD4124341,Absent,0.015,0.0,0.0
12710483.1267,2549724.6814,12710473.5994,2549707.8519,SWD4136972,24.47,23.94,19.339119,SMH4113814,SMH4028683,0.015,0.0,0.0
12710495.0442,2549763.3942,12710487.626,2549737.1159,SWD4136975,25.53,25.12,27.305288,SMH4113815,SMH4028682,0.015,0.0,0.0
12710473.6403,2549732.7501,12710483.1267,2549724.6814,SWD4136976,25.0,24.87,12.453743,SWD4136976,SMH4113814,0.015,0.0,0.40000000000000213
12710493.1202,2549766.839,12710495.0442,2549763.3942,SWD4136977,25.6,25.54,3.945684,SWD4136977,SMH4113815,0.015,0.0,0.00999999999999801
12710038.3565,2549053.0473,12710025.4543,2549073.434,SWD4082260,13.925,13.76,24.127163,SMH4069960,SMH4069961,0.015,0.0,0.0
12710207.4097,2550211.9273,12710211.411,2550201.561,SWD4031531,13.36,12.57,11.111732,SMH4028626,SMH4028627,0.015,0.0,0.0
12710452.495,2550075.6244,12710436.5197,2550112.0549,SWD4031570,17.31,14.58,39.779285,SMH4028665,SMH4028666,0.015,0.0,0.0
12710260.4561,2550150.0869,12710255.1208,2550149.1767,SWD4031510,13.63,12.5,5.412383,SMH4028605,SMH4028606,0.015,0.0,0.0
12709874.8852,2549868.6402,12709872.1121,2549869.0221,SWD4031379,7.93,7.79,2.799273,SMH4028483,SMH4028484,0.015,0.0,0.20999999999999996
12710798.6864,2549884.9498,12710785.722,2549880.604,SWD4031700,45.46,45.09,13.673392,SMH4028785,SMH4028780,0.015,0.0,0.0
12710353.9584,2549761.978,12710347.4853,2549765.3852,SWD4031490,16.21,15.91,7.315055,SMH4095401,SMH4028589,0.015,0.0,0.0
12710281.4591,2549904.0492,12710277.541,2549898.6494,SWD4032489,31.22,30.92,6.671533,SWD4032489,SMH4028550,0.015,0.0,0.370000000000001
12710194.2359,2549480.7228,12710239.6605,2549528.6473,SWD4031996,24.36,20.74,66.031447,SMH4029061,SMH4029062,0.015,0.0,0.0
12710638.7908,2550280.5172,12710597.9625,2550259.4913,SWD4031628,24.03,21.66,45.92427,SMH4028715,SMH4028632,0.015,0.0,0.0
12710234.9807,2550144.602,12710200.4641,2550126.2022,SWD4031309,13.08,12.32,39.114554,SMH4028412,SMH4028413,0.015,0.0,0.030000000000001137
12710148.5287,2549873.2772,12710105.0637,2549904.0144,SWD4031447,24.642,23.47,53.235155,SMH4028547,SMH4028527,0.015,0.0,1.8399999999999999
12710082.9264,2549820.439,12710084.0262,2549820.175,SWD41243412,15.34,15.24,1.131042,Absent,SWD40314341,0.015,1.0820000000000007,2.040000000000001
12710245.9899,2549262.0295,12710214.1708,2549266.1417,SMD4001188,35.53,34.83,32.083724,SMH4029051,SMH4029052,0.015,0.0,1.0700000000000003
12710218.3698,2549304.4261,12710223.0967,2549348.2556,SMD4001189,31.65,29.78,44.083655,SMH4029053,SMH4029054,0.015,0.0,0.0
12710592.7971,2549530.435,12710575.4709,2549523.7779,SMD4001190,36.5,34.78,18.561093,SMH4029137,SMH4029124,0.015,0.0,0.0
12710580.9256,2549523.4143,12710577.5046,2549521.8152,SMD4005820,36.29,34.97,3.776289,SMH4029133,SMH4029123,0.015,0.0,0.0
12710293.1983,2550082.4201,12710297.8082,2550085.8016,SMD4001200,14.17,13.87,5.717143,SMH4028608,SMH4028609,0.015,0.0,0.15999999999999837
12710276.8303,2550107.0309,12710280.3777,2550108.97,SMD4001180,14.24,13.76,4.042791,SMD4001180,SMH4028601,0.015,0.0,0.5299999999999994
12710456.0513,2550068.3468,12710455.886,2550068.6299,SWD40316102,18.8,18.74,0.327826,SWD40316101,SWD40316091,0.015,0.0,0.0
12710261.9613,2550171.2865,12710261.9209,2550170.7459,SWD40315291,11.873,11.773,0.735157,SWD4031529,SBP40136822,0.015,0.10299999999999976,0.0
12709949.8242,2549806.9544,12709945.4189,2549801.3973,SWD40314132,6.62,6.32,7.091405,SWD40314131,SDP40001001,0.015,0.0,0.0
12710066.4161,2549737.6096,12710057.631,2549742.3545,SBP4002763,9.362,8.93,9.984591,SBP40027631,SWD4032565,0.015,0.0,0.0
12710262.4573,2550170.372,12710261.9209,2550170.7459,SBP4013682,11.791,11.773,0.653855,SBP40136821,SBP40136822,0.015,0.0,0.0
12710190.7328,2549716.9939,12710153.4391,2549733.3441,SBP4013684,12.702,11.92,40.851332,SBP40136841,SWD4032563,0.015,0.0,0.0
12710264.2294,2549674.841,12710261.1368,2549676.7406,SBP4002765,14.404,14.275,3.629415,SBP40027651,SBP40027652,0.015,0.016000000000000014,0.0
12710274.7417,2549591.0611,12710264.2294,2549674.841,SBP4002766,17.24,14.388,90.486309,SBP40027661,SBP40027651,0.015,0.0,0.0
12709928.0423,2549765.0029,12709927.8693,2549764.7522,SBP40091001,6.705,6.7,0.304597,SBP40091001,SWD40680031,0.015,0.0,0.0
12709907.1458,2549734.9335,12709906.6897,2549734.2647,SBP40091004,5.58,5.578,0.809519,SWD40986601,SBP40091002,0.015,0.23000000000000043,0.0
12709927.5959,2549764.3559,12709907.1458,2549734.9335,SBP40091003,6.07,5.35,35.83235,SWD40933401,SWD40986601,0.015,0.0,0.0
12709927.8693,2549764.7522,12709927.5959,2549764.3559,SBP40091002,6.7,6.68,0.481457,SWD40680031,SWD40933401,0.015,0.0,0.6099999999999994
12710281.0407,2549670.5648,12710280.5188,2549670.6925,SBP40167801,15.007,15.0,0.537296,SBP40167801,SWD40955041,0.015,0.0,0.0
12710280.5188,2549670.6925,12710264.2294,2549674.841,SBP40167802,15.0,14.404,16.810717,SWD40955041,SBP40027651,0.015,0.0,0.016000000000000014
12710211.1392,2549705.8705,12710190.7328,2549716.9939,SBP4013622,13.148,12.702,23.242304,SBP40136221,SBP40136841,0.015,0.0,0.0
12710071.7112,2549843.579,12710082.9264,2549820.439,SBP4009706,15.51,14.258,26.279777,SBP40097061,Absent,0.015,0.0,0.0
12709844.0277,2549642.1258,12709842.4216,2549639.6465,SBP4009122,3.321,3.19,2.954068,SWD4068021,SWD4068020,0.015,0.0,0.0
12709835.9778,2549640.2694,12709829.7351,2549630.2096,SBP4012900,4.51,4.493,11.849318,SBP40129001,SBP40129002,0.015,1.6199999999999997,0.0
12709899.8322,2549724.2063,12709887.3446,2549705.8912,SBP4013620,5.543,5.481,22.167161,SBP40136201,SBP40136202,0.015,0.0,0.0
12710019.9911,2549771.6911,12709998.2404,2549783.6445,SBP4013621,8.509,8.139,24.818878,SBP40136211,SBP40136212,0.015,0.0,0.0
12709792.4124,2549564.0239,12709791.9777,2549563.3747,SBP40130601,4.23,4.13,0.781297,SBP40130601,SWD4082283,0.015,0.0,0.0
12709791.9777,2549563.3747,12709782.5752,2549551.2901,SBP40130602,4.13,4.03,15.421286,SWD4082283,SBP40130602,0.015,0.0,0.0
12709863.8561,2549671.3137,12709844.0277,2549642.1258,SBP4009780,4.89,3.321,35.28596,SBP40097801,SWD4068021,0.015,0.0,0.0
12709906.6897,2549734.2647,12709899.8322,2549724.2063,SBP4009800,5.578,5.543,12.173607,SBP40091002,SBP40136201,0.015,0.0,0.0
12710329.2761,2550070.668,12710328.9777,2550071.1244,SBP40098201,13.05,12.95,0.545292,SBP40098201,SWD40315731,0.015,0.3000000000000007,0.0
12710328.2686,2550072.2087,12710300.9446,2550112.385,SBP40098203,13.75,13.65,48.590214,SWD40315481,SWD4031556,0.015,0.8000000000000007,0.0
12710328.9777,2550071.1244,12710328.2686,2550072.2087,SBP40098202,13.05,12.95,1.295581,SWD40315731,SWD40315481,0.015,0.10000000000000142,0.0
12710300.9446,2550112.385,12710285.0465,2550135.5471,SBP40098204,13.65,12.906,28.09362,SWD4031556,SBP40098202,0.015,0.0,0.0
12709813.797,2549596.5691,12709792.4124,2549564.0239,SBP4013557,4.273,4.23,38.951739,SBP40135571,SBP40130601,0.015,0.0,0.0
12709829.7351,2549630.2096,12709798.4961,2549583.9079,SBP4013558,4.493,4.412,55.854476,SBP40129002,SBP40135581,0.015,0.0,0.0
12710285.0465,2550135.5471,12710262.4573,2550170.372,SBP4013681,12.906,11.791,42.145988,SBP40098202,SBP40136821,0.015,0.0,0.0
12709998.2404,2549783.6445,12709954.0041,2549803.1792,SBP40136831,8.139,7.392,50.114089,SBP40136212,SWD4032715,0.015,0.0,0.0
12709949.3777,2549796.4073,12709948.1396,2549794.6881,SBP40136833,7.27,7.239,2.118618,SDP40017801,SBP40136831,0.015,0.0,0.0
12709954.0041,2549803.1792,12709949.3777,2549796.4073,SBP40136832,7.392,7.27,8.201718,SWD4032715,SDP40017801,0.015,0.0,0.0
12710261.1368,2549676.7406,12710260.7611,2549676.9394,SBP40027671,14.275,14.26,0.425055,SBP40027652,SWD40325621,0.015,0.0,0.0
12710260.7611,2549676.9394,12710211.1392,2549705.8705,SBP40027672,14.26,13.148,58.050451,SWD40325621,SBP40136221,0.015,0.0,0.0
12710086.5255,2549730.8091,12710066.4161,2549737.6096,SBP4002762,10.293,9.362,21.550822,SBP40027621,SBP40027631,0.015,0.0,0.0
12710153.4391,2549733.3441,12710120.2536,2549732.7946,SBP40027681,11.92,11.279,33.455874,SWD4032563,SWD4032096,0.015,0.0,0.0
12710100.5277,2549731.6277,12710099.4898,2549731.5763,SBP40027683,10.9,10.855,1.039172,SWD40325641,SBP40027681,0.015,0.0,0.0
12710120.2536,2549732.7946,12710100.5277,2549731.6277,SBP40027682,11.279,10.9,19.760997,SWD4032096,SWD40325641,0.015,0.0,0.0
12710099.4898,2549731.5763,12710086.5255,2549730.8091,SBP4002769,10.855,10.293,12.991584,SBP40027681,SBP40027621,0.015,0.0,0.0
12710057.631,2549742.3545,12710048.6891,2549747.1669,SBP4002770,8.93,7.35,7.438596,SWD4032565,SBP40027701,0.015,0.0,0.0
12710280.9421,2549585.6311,12710274.7417,2549591.0611,SBP4002760,17.34,17.24,8.241957,SBP40027601,SBP40027661,0.015,1.0799999999999983,0.0
12710288.512,2549668.7369,12710281.0407,2549670.5648,SBP4002764,15.1,15.007,7.691654,SBP40027641,SBP40167801,0.015,0.3899999999999988,0.0
12710048.6891,2549747.1669,12710046.0722,2549757.134,SBP4009083,7.35,5.16,10.304914,SBP40027701,SBP40090831,0.015,0.0,0.0
12710046.0722,2549757.134,12710020.6655,2549771.3302,SBP40091011,8.62,8.52,29.245646,SBP40090831,SWD40325661,0.015,3.459999999999999,0.0
12710020.6655,2549771.3302,12710019.9911,2549771.6911,SBP40091012,8.52,8.509,0.764895,SWD40325661,SBP40136211,0.015,0.0,0.0
12709841.2709,2549637.0483,12709813.797,2549596.5691,SBP4012880,4.327,4.273,48.922191,SBP40128801,SBP40135571,0.015,0.0,0.0
12709782.5752,2549551.2901,12709772.7715,2549537.7446,SBP4012881,4.03,3.93,16.725971,SBP40130602,SBP40128811,0.015,0.0,0.0
12710048.6891,2549747.1669,12709969.122,2549790.3285,SBP4009084,7.35,6.587,90.520596,SBP40027701,SBP40090841,0.015,0.0,0.0
12709887.3446,2549705.8912,12709887.1823,2549705.6523,SBP40091031,5.481,5.48,0.288816,SBP40136202,SWD40680071,0.015,0.0,0.0
12709866.0054,2549674.4776,12709864.0527,2549671.603,SBP40091033,5.06,4.906,3.475106,SWD40313582,SWD4032716,0.015,0.0,0.0
12709864.0527,2549671.603,12709863.8561,2549671.3137,SBP40091034,4.906,4.89,0.34978,SWD4032716,SBP40097801,0.015,0.0,0.0
12709887.1823,2549705.6523,12709866.0054,2549674.4776,SBP40091032,5.48,5.06,37.687173,SWD40680071,SWD40313582,0.015,0.0,0.0
12709842.4216,2549639.6465,12709841.2709,2549637.0483,SBP4009121,4.33,4.327,2.841611,SWD4068020,SBP40128801,0.015,1.1400000000000001,0.0
12709939.5695,2549782.1737,12709928.0423,2549765.0029,SBP4009082,7.013,6.705,20.681351,SBP40090821,SBP40091001,0.015,0.0,0.0
12709948.1396,2549794.6881,12709939.5695,2549782.1737,SBP4009081,7.239,7.013,15.173454,SBP40136831,SBP40090821,0.015,0.0,0.0
12709798.4961,2549583.9079,12709797.8894,2549583.0086,SBP40184801,4.412,4.41,1.084816,SBP40135581,SWD41013231,0.015,0.0,0.0
12709797.8894,2549583.0086,12709774.4212,2549549.1666,SBP40184802,4.41,4.31,41.202013,SWD41013231,SBP40184801,0.015,0.0,0.0
12709945.4189,2549801.3973,12709942.572,2549797.2048,SDP4000100,6.32,6.284,5.067731,SDP40001001,SDP40001002,0.015,0.0,0.07399999999999984
12709903.9371,2549740.9252,12709839.0256,2549645.0266,SDP4000790,6.21,3.044,115.810009,SDP40007901,SDP40007902,0.015,0.0,0.0
12709942.572,2549797.2048,12709912.0946,2549752.8207,SDP40016401,6.284,5.902,53.840783,SDP40001002,SWD40324951,0.015,0.07399999999999984,0.0
12709912.0946,2549752.8207,12709911.1281,2549751.4111,SDP40016402,5.902,5.89,1.709121,SWD40324951,SWD40324952,0.015,0.0,0.0
12709839.0256,2549645.0266,12709837.3164,2549642.3686,SDP4001620,3.044,2.958,3.160115,SDP40007902,SDP40016201,0.015,0.0,0.0
12709950.1,2549796.3,12709942.57,2549797.205,SDP4001780,6.41,6.284,6.852267,crosspoint,SDP40001002,0.015,0.5200000000000005,0.07399999999999984
12709911.1281,2549751.4111,12709903.9371,2549740.9252,SDP4001800,6.31,6.21,12.714739,SWD40324952,SDP40007901,0.015,0.41999999999999993,0.0
12709837.3164,2549642.3686,12709835.9778,2549640.2694,SDP4001621,2.958,2.89,2.489677,SDP40016201,SBP40129001,0.015,0.0,0.0
12709969.12,2549790.329,12709950.1,2549796.3,SDP4000785,6.587,6.41,20.911271,SBP40090841,crosspoint,0.015,0.0,0.5200000000000005
